﻿<SDK name="Jade Shuriken" moduleId="18840">
	<BetModel paytableType="Paylines" defaultPaylines="40" groupWins="true" betMultiplier="20"/>
	<Screens>
		<Screen name="ScreenLayout" defaultRow="0">
			<Positions>
				<Position id="0" row="0" column="0"/>
				<Position id="1" row="0" column="1"/>
				<Position id="2" row="0" column="2"/>
				<Position id="3" row="0" column="3"/>
				<Position id="4" row="0" column="4"/>
				<Position id="5" row="1" column="0"/>
				<Position id="6" row="1" column="1"/>
				<Position id="7" row="1" column="2"/>
				<Position id="8" row="1" column="3"/>
				<Position id="9" row="1" column="4"/>
				<Position id="10" row="2" column="0"/>
				<Position id="11" row="2" column="1"/>
				<Position id="12" row="2" column="2"/>
				<Position id="13" row="2" column="3"/>
				<Position id="14" row="2" column="4"/>
				<Position id="15" row="3" column="0"/>
				<Position id="16" row="3" column="1"/>
				<Position id="17" row="3" column="2"/>
				<Position id="18" row="3" column="3"/>
				<Position id="19" row="3" column="4"/>
			</Positions>
			<Paylines>
				<Payline indexes="15,16,17,18,19"/>
				<Payline indexes="10,11,12,13,14"/>
				<Payline indexes="5,6,7,8,9"/>
				<Payline indexes="0,1,2,3,4"/>
				<Payline indexes="15,11,7,13,19"/>
				<Payline indexes="0,6,12,8,4"/>
				<Payline indexes="10,6,2,8,14"/>
				<Payline indexes="5,11,17,13,9"/>
				<Payline indexes="10,16,17,18,14"/>
				<Payline indexes="5,1,2,3,9"/>
				<Payline indexes="15,11,12,13,19"/>
				<Payline indexes="0,6,7,8,4"/>
				<Payline indexes="5,11,12,13,9"/>
				<Payline indexes="10,6,7,8,14"/>
				<Payline indexes="15,11,17,13,19"/>
				<Payline indexes="0,6,2,8,4"/>
				<Payline indexes="10,6,12,8,14"/>
				<Payline indexes="5,11,7,13,9"/>
				<Payline indexes="5,1,7,3,9"/>
				<Payline indexes="10,16,12,18,14"/>
				<Payline indexes="15,11,12,13,9"/>
				<Payline indexes="0,6,7,8,14"/>
				<Payline indexes="10,6,7,8,4"/>
				<Payline indexes="5,11,12,13,19"/>
				<Payline indexes="10,16,2,18,14"/>
				<Payline indexes="5,1,17,3,9"/>
				<Payline indexes="15,1,17,3,19"/>
				<Payline indexes="0,16,2,18,4"/>
				<Payline indexes="15,16,2,18,19"/>
				<Payline indexes="0,1,17,3,4"/>
				<Payline indexes="10,16,12,8,14"/>
				<Payline indexes="5,1,7,13,9"/>
				<Payline indexes="5,11,7,3,9"/>
				<Payline indexes="10,6,12,18,14"/>
				<Payline indexes="15,1,2,3,19"/>
				<Payline indexes="0,16,17,18,4"/>
				<Payline indexes="15,6,17,8,19"/>
				<Payline indexes="0,11,2,13,4"/>
				<Payline indexes="15,1,7,3,19"/>
				<Payline indexes="0,16,12,18,4"/>
			</Paylines>
		</Screen>
	</Screens>
	<SymbolSet>
		<Symbol id="0" name="Wild" isWild="true" canWildSubstitute="true"/>
		<Symbol id="1" name="High1" isWild="false" canWildSubstitute="true"/>
		<Symbol id="2" name="High2" isWild="false" canWildSubstitute="true"/>
		<Symbol id="3" name="High3" isWild="false" canWildSubstitute="true"/>
		<Symbol id="4" name="Low1" isWild="false" canWildSubstitute="true"/>
		<Symbol id="5" name="Low2" isWild="false" canWildSubstitute="true"/>
		<Symbol id="6" name="Low3" isWild="false" canWildSubstitute="true"/>
		<Symbol id="7" name="Low4" isWild="false" canWildSubstitute="true"/>
		<Symbol id="8" name="Scatter" isWild="false" canWildSubstitute="false"/>
		<Symbol id="9" name="Bonus" isWild="false" canWildSubstitute="false"/>
		<Symbol id="10" name="Respin" isWild="false" canWildSubstitute="false"/>
		<Symbol id="11" name="Blank" isWild="false" canWildSubstitute="false"/>
	</SymbolSet>
	<ReelSets>
<ReelSet name="BaseGameReelset1">	
	<Reel defaultPosition="1" symbols="Low2,Low2,High1,Low3,Low3,Low3,High1,Low1,High3,Low4,Low4,Low4,High3,Low3,Low3,Low3,High3,Low4,Low4,Wild,Low4,Low3,Low3,Low3,Low3,High3,Low4,Low3,High3,Low4,Low4,High3,Low3,High1,Low3,Low3,High3,Low4,Low4,Low4,High1,Low4,Low3,High3,Low4,Low4,Low4,High2,Low3,Low3,Low3,High3,Low4,Low4,Low3,Low3,High3,Low3,Low3,Low3,Low4,Low4,Low4,Low3" />
	<Reel defaultPosition="1" symbols="Low3,High2,Low3,Low3,Wild,Low1,Low1,High2,Low1,Scatter,Low3,Low3,Low1,Low4,Low4,Scatter,Low2,Low2,Low2,Low2,Low1,Low1,Scatter,High3,Low2,Low3,Low3,Low3,Low1,High3,Low3,Low2,Low4,Bonus,Bonus,Low4,Low4,Low4,High3,Low1,Low1,Low1,High2,Low3,Low3,High1,Low2,Low2,High2,Low4,Bonus,Low1,Low1,Low1,Low3,Low3,Low3,Low3,Low1,Low1,Low1,Low1,Low3,Low3,High2,Low3,Low3,Bonus,Low1,Low1,Low2,Scatter,Low3,Low2,Low2,Low2,High2,Low4,Low4,Low2,Scatter,Low1,Low1,Low1,Scatter,High2,High3,Low1,Scatter,Low3,Low3,Low3,High3,Low1,Low1,Low2,Bonus,Low2,Low4,Low4,Low1,High3,Low4,Low1,Low1,Low3,Low3,Low3,High1,Low2,Low2,High2,Low4,Low3,Low1,Low1,Low1,Low4,Low4,Low4,Low2,Low1,Low1,Low1,Low3,High2,Low3,Low3,Wild,Low1,Low1,High2,Low1,Scatter,Low3,Low3,Low1,Low4,Low4,Scatter,Low2,Low2,Low2,Low2,Low1,Low1,Scatter,High3,Low2,Low3,Low3,Low3,Low1,High3,Low3,Low2,Low4,Bonus,Bonus,Low4,Low4,Low4,High3,Low1,Low1,Low1,High2,Low3,Low3,High1,Low2,Low2,High2,Low4,Bonus,Low1,Low1,Low1,Low3,Low3,Low3,Low3,Low1,Low1,Low1,Low1,Low3,Low3,High2,Low3,Low3,Bonus,Low1,Low1,Low2,Scatter,Low3,Low2,Low2,Low2,High2,Low4,Low4,Low2,Scatter,Low1,Low1,Low1,Scatter,High2,High3,Low1,Scatter,Low3,Low3,Low3,High3,Low1,Low1,Low2,Bonus,Low2,Low4,Low4,Low1,High3,Low4,Low1,Low1,Low3,Low3,Low3,High1,Low2,Low2,High2,Low4,Low3,Low1,Low1,Low1,Low4,Low4,Low4,Low2,Low1,Low1,Low1" />
	<Reel defaultPosition="1" symbols="Low2,High1,High1,High2,Wild,Low2,High2,High2,Low2,Low2,Low2,High3,Low1,Scatter,Low2,Low2,Low2,Bonus,Low1,High2,High1,Low3,High2,High2,High2,Low2,Low2,Low2,Scatter,High2,High2,Low2,Low2,Low2,High2,High2,Low4,Scatter,Low2,Low2,Low2,High2,High2,Low1,Low1,Low2,Low2,Low2,High1,Low2,Low2,High1,High2,High2,Low2,High3,High3,High3,Low2,Low2,Scatter,Low4,Low2,High1,High1,Low1,Bonus,Low2,Low2,Low2,High1,High1,Low1,Low1,Low2,Low2,Low2,Low2,Low1,Low1,Low2,Low2,Low2,High1,High1,High2,Wild,Low2,High2,High2,Low2,Low2,Low2,High3,Low1,Scatter,Low2,Low2,Low2,Bonus,Low1,High2,High1,Low3,High2,High2,High2,Low2,Low2,Low2,Scatter,High2,High2,Low2,Low2,Low2,High2,High2,Low4,Scatter,Low2,Low2,Low2,High2,High2,Low1,Low1,Low2,Low2,Low2,High1,Low2,Low2,High1,High2,High2,Low2,High3,High3,High3,Low2,Low2,Scatter,Low4,Low2,High1,High1,Low1,Bonus,Low2,Low2,Low2,High1,High1,Low1,Low1,Low2,Low2,Low2,Low2,Low1,Low1,Low2,Low2" />
	<Reel defaultPosition="1" symbols="Low2,High1,Low3,Low3,Low3,Wild,Low3,High3,Low4,Low4,Wild,Low1,Low1,Low1,Wild,Low3,Low2,Low2,Low2,Wild,Low4,Low3,Low3,Low3,Scatter,Low1,Low1,Low1,Low2,Bonus,Low3,Low3,Low3,Low2,Low2,Low3,Low3,High1,Low3,Low4,Wild,Low1,Low1,Low1,Wild,Low3,Low3,High2,Low1,Low1,Wild,Low4,Low4,Low4,Low4,Scatter,Low3,Low3,Low1,Low1,Low1,Low2,Low2,Low2,Wild,Low3,High3,Low1,Low2,Scatter,Low3,Low1,Low2,Low2,Low3,Low3,Low1,Low3,Wild,Low3,High3,Low4,Wild,Low3,High1,Low1,Low4,Wild,Low3,Low2,Low4,Scatter,Low1,Low3,High2,Low3,Low3,Scatter,Low1,Low1,Low1,Low3,High2,Scatter,Low2,Low3,Low3,Wild,Low3,Low3,High1,High1,Low1,Low4,Low3,Wild,Low1,Low3,Low3,Low3,Low4,Low1,Low3,Low3,High3,Low4,Low2,Scatter,Low3,Low4,High3,Low3,Low4,Wild,Low2,Low3,Low4,Low4,Low3,Low1,Low2,Wild,Low3,Low1,Low2,Low2,High1,Low3,Low3,Low3,Wild,Low3,High3,Low4,Low4,Wild,Low1,Low1,Low1,Wild,Low3,Low2,Low2,Low2,Wild,Low4,Low3,Low3,Low3,Scatter,Low1,Low1,Low1,Low2,Bonus,Low3,Low3,Low3,Low2,Low2,Low3,Low3,High1,Low3,Low4,Wild,Low1,Low1,Low1,Wild,Low3,Low3,High2,Low1,Low1,Wild,Low4,Low4,Low4,Low4,Scatter,Low3,Low3,Low1,Low1,Low1,Low2,Low2,Low2,Wild,Low3,High3,Low1,Low2,Scatter,Low3,Low1,Low2,Low2,Low3,Low3,Low1,Low3,Wild,Low3,High3,Low4,Wild,Low3,High1,Low1,Low4,Wild,Low3,Low2,Low4,Scatter,Low1,Low3,High2,Low3,Low3,Scatter,Low1,Low1,Low1,Low3,High2,Scatter,Low2,Low3,Low3,Wild,Low3,Low3,High1,High1,Low1,Low4,Low3,Wild,Low1,Low3,Low3,Low3,Low4,Low1,Low3,Low3,High3,Low4,Low2,Scatter,Low3,Low4,High3,Low3,Low4,Wild,Low2,Low3,Low4,Low4,Low3,Low1,Low2,Wild,Low3,Low1,Low2" />
	<Reel defaultPosition="1" symbols="Low2,High1,Wild,High2,Low4,Low4,Wild,High2,High1,Low4,Wild,Low1,High3,High1,Wild,High3,High1,Low1,High3,Wild,Low3,Low1,Low3,Wild,Low3,Low2,Low3,Wild,Low2,Low2,Low4,Wild,Low2,High1,Low3,Wild,High1,Low1,Low1,High2,High1,Wild,High2,High2,High3,Wild,Low2,High3,Low2,Wild,Low1,High2,Low3,High1,Wild,High3,Low4,Low4,Wild,Low1,Low1,Low3,Wild,High1,Low1,High2,Wild,Low1,High2,Low1,Wild,Low3,High3,Low4,Wild,Low2,High1,Wild,High2,Low4,Low4,Wild,High2,High1,Low4,Wild,Low1,High3,High1,Wild,High3,High1,Low1,High3,Wild,Low3,Low1,Low3,Wild,Low3,Low2,Low3,Wild,Low2,Low2,Low4,Wild,Low2,High1,Low3,Wild,High1,Low1,Low1,High2,High1,Wild,High2,High2,High3,Wild,Low2,High3,Low2,Wild,Low1,High2,Low3,High1,Wild,High3,Low4,Low4,Wild,Low1,Low1,Low3,Wild,High1,Low1,High2,Wild,Low1,High2,Low1,Wild,Low3,High3,Low4,Wild,Low3,High2,Low3,High2" />
</ReelSet>	
<ReelSet name="BaseGameReelset2">	
	<Reel defaultPosition="1" symbols="Low1,Low3,High1,Low4,Low4,Low4,High1,Low2,High3,Low1,Low1,Low1,High3,Low4,Low4,Low4,High3,Low1,Low1,Wild,Low1,Low4,Low4,Low4,Low4,High3,Low1,Low4,High3,Low1,Low1,High3,Low4,High1,Low4,Low4,High3,Low1,Low1,Low1,High1,Low1,Low4,High3,Low1,Low1,Low1,High2,Low4,Low4,Low4,High3,Low1,Low1,Low4,Low4,High3,Low4,Low4,Low4,Low1,Low1,Low1" />
	<Reel defaultPosition="1" symbols="Low4,High2,Low4,Low4,Wild,Low3,Low3,High2,Low3,Low4,Low4,Bonus,Low1,Low1,Low2,Low2,Bonus,Low3,Low3,Low3,High3,Low2,Low4,Low4,Low4,Bonus,High3,Low4,Low2,Low2,Low2,Bonus,Low1,Low1,Low1,High3,Low3,Low3,Scatter,High2,Low4,Low4,High1,Low2,Low2,High2,Low1,Low4,Low3,Low3,Low3,Bonus,Bonus,Bonus,Low4,Low3,Low3,Low3,Low3,Low4,High2,Low4,Low4,Low1,Low3,Bonus,Low2,Low4,Low2,Low2,Low2,Low2,Low1,Low1,Low2,Bonus,Low3,Low3,Low3,High2,High3,Low3,Low4,Low4,Low4,Low4,High3,Low3,Low2,Bonus,Bonus,Low2,Low1,Low1,Low3,High3,Low1,Low3,Low4,Low4,Low4,High2,Low2,Low2,Low1,High2,Low4,Low3,Low3,Low3,Bonus,Bonus,Low4,Low2,Low3,Low3,Low3,Low3,Low2,Low4,High2,Low4,Low4,Wild,Low3,Low3,High2,Low3,Low4,Low4,Bonus,Low1,Low1,Low2,Low2,Bonus,Low3,Low3,Low3,High3,Low2,Low4,Low4,Low4,Bonus,High3,Low4,Low2,Low2,Low2,Bonus,Low1,Low1,Low1,High3,Low3,Low3,Scatter,High2,Low4,Low4,High1,Low2,Low2,High2,Low1,Low4,Low3,Low3,Low3,Bonus,Bonus,Bonus,Low4,Low3,Low3,Low3,Low3,Low4,High2,Low4,Low4,Low1,Low3,Bonus,Low2,Low4,Low2,Low2,Low2,Low2,Low1,Low1,Low2,Bonus,Low3,Low3,Low3,High2,High3,Low3,Low4,Low4,Low4,Low4,High3,Low3,Low2,Bonus,Bonus,Low2,Low1,Low1,Low3,High3,Low1,Low3,Low4,Low4,Low4,High2,Low2,Low2,Low1,High2,Low4,Low3,Low3,Low3,Bonus,Bonus,Low4,Low2,Low3,Low3,Low3,Low3,Low2" />
	<Reel defaultPosition="1" symbols="Low2,High1,High1,High2,Wild,Low2,High2,High2,Low3,Low3,High3,Low3,Low2,Low2,Low2,Bonus,Bonus,High2,High1,Low4,High2,High2,High2,Low2,Low2,High2,High2,High2,Low2,Low2,High2,High2,Low1,Scatter,Low2,Low2,Low2,High2,High2,Low3,Low3,Bonus,High3,Low2,High1,Low2,Low2,High1,High2,High2,Low2,High3,High3,High3,Low3,Low2,Low3,Bonus,Bonus,Bonus,Low3,Low2,High1,High1,Low3,Low2,Low2,Low3,Low2,Low2,Low3,Low3,Low2,Low2" />
	<Reel defaultPosition="1" symbols="Low2,High1,Low4,Low4,Low4,Wild,Low4,High3,Low1,Low1,Wild,Low3,Low3,Low3,High2,Low4,Low2,Low2,Low2,Wild,Low1,Low4,Low4,Bonus,Bonus,Bonus,Low3,Low2,High2,Low4,Low4,Low4,Bonus,Bonus,Low4,Low4,High1,Low4,Low1,Wild,Low3,Low3,Low3,Wild,Low4,Low4,Low4,Low3,Low3,Wild,Low1,Low1,Low1,Low1,Scatter,Low4,Low4,Low4,Bonus,Bonus,Low2,Low2,Low2,Low3,Wild,Low4,High3,Low3,Low2,Low4,Low3,Low2,Bonus,Low4,High1,Low3,Low4,Wild,Low4,High3,Low1,Wild,Low4,Low4,Low3,Low1,High1,Low4,Low2,Low1,Wild,Low3,Low4,High2,Low4,Low4,Low3,Low3,Low3,Low4,Low4,Bonus,Low2,Low4,Low4,Wild,Low4,Low4,High1,Low3,Low4,Low1,High3,Low3,Low3,High2,Low4,Low4,Low1,Low3,Low4,Bonus,Low1,Low1,Low2,Low4,Low4,Low1,High3,Low4,Low1,Wild,Low2,High3,Low1,Bonus,Low4,Low3,Low3,Wild,Low4,Low3,Low2,Low2,High1,Low4,Low4,Low4,Wild,Low4,High3,Low1,Low1,Wild,Low3,Low3,Low3,High2,Low4,Low2,Low2,Low2,Wild,Low1,Low4,Low4,Bonus,Bonus,Bonus,Low3,Low2,High2,Low4,Low4,Low4,Bonus,Bonus,Low4,Low4,High1,Low4,Low1,Wild,Low3,Low3,Low3,Wild,Low4,Low4,Low4,Low3,Low3,Wild,Low1,Low1,Low1,Low1,Scatter,Low4,Low4,Low4,Bonus,Bonus,Low2,Low2,Low2,Low3,Wild,Low4,High3,Low3,Low2,Low4,Low3,Low2,Bonus,Low4,High1,Low3,Low4,Wild,Low4,High3,Low1,Wild,Low4,Low4,Low3,Low1,High1,Low4,Low2,Low1,Wild,Low3,Low4,High2,Low4,Low4,Low3,Low3,Low3,Low4,Low4,Bonus,Low2,Low4,Low4,Wild,Low4,Low4,High1,Low3,Low4,Low1,High3,Low3,Low3,High2,Low4,Low4,Low1,Low3,Low4,Bonus,Low1,Low1,Low2,Low4,Low4,Low1,High3,Low4,Low1,Wild,Low2,High3,Low1,Bonus,Low4,Low3,Low3,Wild,Low4,Low3,Low2" />
	<Reel defaultPosition="1" symbols="Low2,High1,Wild,High2,Low1,Low1,Wild,High2,High1,Low1,Wild,Low3,High3,High1,Wild,High3,High1,Low3,High3,High3,Low4,Low3,Low4,Wild,Low4,Low2,Low4,High3,Low2,Low2,Low1,Wild,Low2,High1,Low4,Wild,High1,Low3,Low3,High2,High1,Wild,High2,High2,High3,Wild,Low2,High3,Low2,Wild,Low3,High2,Low4,High1,Wild,High3,Low1,Low1,Wild,Low3,Low3,Low4,Wild,High1,Low3,High2,Wild,Low3,High2,Low3,Wild,Low4,High3,Low1,Wild,High2" />
</ReelSet>	
<ReelSet name="BaseGameReelset3">	
	<Reel defaultPosition="1" symbols="Low2,Low2,High1,Low3,Low3,Low3,High1,Low1,High3,Low4,Low4,Low4,High3,Low3,Low3,Low3,High3,Low4,Low4,Wild,Low4,Low3,Low3,Low3,Low3,High3,Low4,Low3,High3,Low4,Low4,High3,Low3,High1,Low3,Low3,High3,Low4,Low4,Low4,High1,Low4,Low3,High3,Low4,Low4,Low4,High2,Low3,Low3,Low3,High3,Low4,Low4,Low3,Low3,High3,Low3,Low3,Low3,Low4,Low4,Low4" />
	<Reel defaultPosition="1" symbols="Low3,High2,Low3,Low3,Wild,Low1,Low1,High2,Low1,Scatter,Low3,Low3,Low1,Low4,Low4,Scatter,Low2,Low2,Low2,Low2,Low1,Low1,Scatter,High3,Low2,Low3,Low3,Low3,Low1,High3,Low3,Low2,Low4,Bonus,Bonus,Low4,Low4,Low4,High3,Low1,Low1,High2,Low3,Low3,High1,Low2,Scatter,High2,Low4,Low3,Low1,Low1,Low1,Bonus,Bonus,Bonus,Bonus,Low1,Low1,Low1,Low1,Low2,Low3,High2,Low3,Low3,Low4,Low1,Low1,Low2,Scatter,Low3,Low2,Low2,Low2,Low2,Low4,Low4,Low2,Scatter,Low1,Low1,Low1,Low1,High2,High3,Low1,Low3,Low3,Low3,Low3,High3,Low1,Low2,Low3,Bonus,Low2,Low4,Low4,Low1,High3,Low4,Low1,Low3,Low3,Low3,High1,Low2,Low2,High2,Low4,Low3,Low1,Low1,Low1,Bonus,Bonus,Low4,Low2,Low1,Low1,Low1,Scatter,Low2,Low3,High2,Low3,Low3,Wild,Low1,Low1,High2,Low1,Scatter,Low3,Low3,Low1,Low4,Low4,Scatter,Low2,Low2,Low2,Low2,Low1,Low1,Scatter,High3,Low2,Low3,Low3,Low3,Low1,High3,Low3,Low2,Low4,Bonus,Bonus,Low4,Low4,Low4,High3,Low1,Low1,High2,Low3,Low3,High1,Low2,Scatter,High2,Low4,Low3,Low1,Low1,Low1,Bonus,Bonus,Bonus,Bonus,Low1,Low1,Low1,Low1,Low2,Low3,High2,Low3,Low3,Low4,Low1,Low1,Low2,Scatter,Low3,Low2,Low2,Low2,Low2,Low4,Low4,Low2,Scatter,Low1,Low1,Low1,Low1,High2,High3,Low1,Low3,Low3,Low3,Low3,High3,Low1,Low2,Low3,Bonus,Low2,Low4,Low4,Low1,High3,Low4,Low1,Low3,Low3,Low3,High1,Low2,Low2,High2,Low4,Low3,Low1,Low1,Low1,Bonus,Bonus,Low4,Low2,Low1,Low1,Low1,Scatter,Low2" />
	<Reel defaultPosition="1" symbols="Low2,High1,High1,High2,Wild,Low2,High2,High2,Low2,Low2,Low2,High3,Low1,Scatter,Low2,Low2,Low2,High3,Low2,High2,High1,Low3,High2,High2,High2,Low2,Scatter,Low2,High2,High2,High2,Low2,Low2,Low2,High2,High2,Low4,Scatter,Low2,Low2,Low2,High2,High2,Bonus,Bonus,Bonus,Bonus,Low2,High1,Low2,Scatter,Low2,High1,High2,High2,Low2,High3,High3,High2,Low2,Low2,Bonus,Low1,Low2,High1,High1,Low1,Low2" />
	<Reel defaultPosition="1" symbols="Low2,High1,Low3,Low3,Low3,Wild,Low3,High3,Low4,Low4,Scatter,Low1,Low1,Low1,Wild,Low3,Low2,Low2,Low2,Wild,Low4,Low3,Low3,Low3,Scatter,Low1,Low1,Low1,Scatter,High2,Low3,Low3,Low3,Bonus,Bonus,Low3,Low3,High1,Low3,Low4,Wild,Low1,Low1,Low1,Scatter,Low3,Low3,Low3,Low1,Low1,Wild,Low4,Low4,Low4,Low4,Scatter,Low3,Low3,Low3,Bonus,Bonus,Bonus,Bonus,Low2,Low2,Low3,Wild,Low1,High3,Low2,Low3,Wild,Low1,Low2,Low2,High1,Low3,Low1,Low3,Wild,Low3,High3,Low4,Wild,Low3,Low3,Low1,Low4,Wild,Low3,Low2,Low4,Wild,Low1,Low3,High2,Low3,Low3,Scatter,Low1,Low1,Low1,Low3,High2,Low2,Low2,Low4,Low4,Wild,Low3,Low3,High1,Low1,Low4,Low4,Wild,Low1,Low1,Low3,Low3,Low3,Low4,Scatter,Low1,Low3,Low3,Low4,Low4,Low2,Scatter,Low3,Low3,Low4,High3,Low3,Low4,Wild,Low2,Low3,Low4,Low4,Low1,Low2,Wild,Low3,Low1,Low2,Low2,High1,Low3,Low3,Low3,Wild,Low3,High3,Low4,Low4,Scatter,Low1,Low1,Low1,Wild,Low3,Low2,Low2,Low2,Wild,Low4,Low3,Low3,Low3,Scatter,Low1,Low1,Low1,Scatter,High2,Low3,Low3,Low3,Bonus,Bonus,Low3,Low3,High1,Low3,Low4,Wild,Low1,Low1,Low1,Scatter,Low3,Low3,Low3,Low1,Low1,Wild,Low4,Low4,Low4,Low4,Scatter,Low3,Low3,Low3,Bonus,Bonus,Bonus,Bonus,Low2,Low2,Low3,Wild,Low1,High3,Low2,Low3,Wild,Low1,Low2,Low2,High1,Low3,Low1,Low3,Wild,Low3,High3,Low4,Wild,Low3,Low3,Low1,Low4,Wild,Low3,Low2,Low4,Wild,Low1,Low3,High2,Low3,Low3,Scatter,Low1,Low1,Low1,Low3,High2,Low2,Low2,Low4,Low4,Wild,Low3,Low3,High1,Low1,Low4,Low4,Wild,Low1,Low1,Low3,Low3,Low3,Low4,Scatter,Low1,Low3,Low3,Low4,Low4,Low2,Scatter,Low3,Low3,Low4,High3,Low3,Low4,Wild,Low2,Low3,Low4,Low4,Low1,Low2,Wild,Low3,Low1,Low2" />
	<Reel defaultPosition="1" symbols="Low2,High1,Wild,High2,Low4,Low4,Wild,High2,High1,Low4,Wild,Low1,High3,High1,Wild,High3,High1,Low1,High3,Wild,Low3,Low1,Low3,Wild,Low3,Low2,Low3,Wild,Low2,Low2,Low4,Wild,Low2,High1,Low3,Wild,High1,Low1,Low1,High2,High1,Wild,High2,High2,High3,Wild,Low2,High3,Low2,Wild,Low1,High2,Low3,High1,Wild,High3,Low4,Low4,Wild,Low1,Low1,Low3,Wild,High1,Low1,High2,Wild,Low1,High2,Low1,Wild,Low3,High3,Low4,Wild,High2" />
</ReelSet>	
<ReelSet name="BaseGameReelset4">	
	<Reel defaultPosition="1" symbols="Low3,Low3,High2,Low4,Low4,Low2,High1,Low3,High2,Low4,Low4,Low4,High3,Low3,Low3,Low3,High3,Low4,Low1,Wild,Low4,Low3,Low3,Low3,Low3,High3,Low3,Low3,High3,Low4,Low4,High3,Low4,High1,Low3,Low3,High3,Low4,Low4,High3,High1,Low4,High3,High3,High3,Low4,High1,Low4,Low3,Low3,Low3,High1,Low4,Low4,Low3,Low3,High3,Low3,Low4,Low4,Low4,Low4,Low3" />
	<Reel defaultPosition="1" symbols="Low3,High1,Low1,Low1,Respin,Low3,Low3,Low3,High2,Low1,Low1,Respin,Low2,Low2,Low2,Respin,Low2,Low2,Low4,Respin,Low3,Low3,Low3,Scatter,High3,Low2,Low2,Respin,Low1,High3,Low1,Low1,Respin,Low1,Low2,Low3,Low3,Low2,High3,Respin,Low3,Low3,High2,Low1,Low3,Respin,Low2,Low2,High2,Low4,Respin,Low1,Low1,Low1,Respin,Low4,Low1,Low1,Respin,Low1,Low1,Low1,Respin,Low2,High2,Low3,Low3,Wild,Low1,Low1,Low1,High2,Low3,Low3,Respin,Low4,Low2,Low2,Low2,Low2,Low2,Respin,Low3,Low3,Low3,Low3,Low2,Low1,Low1,Low1,Low1,High3,Low2,Low2,Respin,Respin,Low3,Low4,Low4,Low1,Low2,Low1,Low1,High2,High2,Low3,Low3,Respin,Low2,Low2,Low2,Low2,High2,Low1,Low1,Low1,Low1,Respin,Low3,Low3,Low1,Low1,Low1,Low2,Low3,High1,Low1,Low1,Respin,Low3,Low3,Low3,High2,Low1,Low1,Respin,Low2,Low2,Low2,Respin,Low2,Low2,Low4,Respin,Low3,Low3,Low3,Scatter,High3,Low2,Low2,Respin,Low1,High3,Low1,Low1,Respin,Low1,Low2,Low3,Low3,Low2,High3,Respin,Low3,Low3,High2,Low1,Low3,Respin,Low2,Low2,High2,Low4,Respin,Low1,Low1,Low1,Respin,Low4,Low1,Low1,Respin,Low1,Low1,Low1,Respin,Low2,High2,Low3,Low3,Wild,Low1,Low1,Low1,High2,Low3,Low3,Respin,Low4,Low2,Low2,Low2,Low2,Low2,Respin,Low3,Low3,Low3,Low3,Low2,Low1,Low1,Low1,Low1,High3,Low2,Low2,Respin,Respin,Low3,Low4,Low4,Low1,Low2,Low1,Low1,High2,High2,Low3,Low3,Respin,Low2,Low2,Low2,Low2,High2,Low1,Low1,Low1,Low1,Respin,Low3,Low3,Low1,Low1,Low1,Low2" />
	<Reel defaultPosition="1" symbols="Low2,High1,High1,High2,Low3,Low1,High3,Scatter,High3,Low4,High3,High2,Wild,Low2,Low2,Low2,Respin,Respin,Low1,High2,High1,Respin,High2,High2,High2,Low2,Respin,Low2,High2,High3,Low4,High2,Respin,Low2,High1,High2,Low4,Respin,Low2,Low2,Low2,High2,High2,Low1,Low1,Respin,Low2,Low2,High1,Low4,Respin,Low3,High1,High2,Respin,High3,High3,High3,Respin,Low2,Low2,Low2,Respin,Low2,High2,High2,Respin,Low2,High1,High1,Respin,High2,Low1,Low1,High3,High3,High3,Low4,Low4,High2,High2,Low2,Low2,Low2,Wild,Low2,High2,High1,Respin,High2,High2,High2,Low2,Low1,Low2,High2,High2,High2,Low4,Low2,High1,High2,Low4,Respin,Low2,Low2,High2,High2,Low2,Low1,Respin,Low2,Low2,High1,Low4,Low2,Low2,High1,High2,High2,Low2,High3,High3,High3,High3,Low2,Low3,Respin,Low2,Low2,Low2,Low2,Low2,Low2,High1,High1,High2,Low3,Low1,High3,Scatter,High3,Low4,High3,High2,Wild,Low2,Low2,Low2,Respin,Respin,Low1,High2,High1,Respin,High2,High2,High2,Low2,Respin,Low2,High2,High3,Low4,High2,Respin,Low2,High1,High2,Low4,Respin,Low2,Low2,Low2,High2,High2,Low1,Low1,Respin,Low2,Low2,High1,Low4,Respin,Low3,High1,High2,Respin,High3,High3,High3,Respin,Low2,Low2,Low2,Respin,Low2,High2,High2,Respin,Low2,High1,High1,Respin,High2,Low1,Low1,High3,High3,High3,Low4,Low4,High2,High2,Low2,Low2,Low2,Wild,Low2,High2,High1,Respin,High2,High2,High2,Low2,Low1,Low2,High2,High2,High2,Low4,Low2,High1,High2,Low4,Respin,Low2,Low2,High2,High2,Low2,Low1,Respin,Low2,Low2,High1,Low4,Low2,Low2,High1,High2,High2,Low2,High3,High3,High3,High3,Low2,Low3,Respin,Low2,Low2,Low2,Low2,Low2" />
	<Reel defaultPosition="1" symbols="Low2,High1,Low3,Low1,Low3,Wild,Low3,High3,Low4,Low2,Respin,Low3,Low1,Low4,Wild,Low3,Low2,Low4,Respin,Low1,Low3,High2,Low3,Low3,Respin,Low1,Low1,Low1,Respin,Low3,Low4,Low2,Wild,Low3,Low3,Low3,Wild,High1,Low1,Low3,Respin,Low3,Low1,Low1,Wild,Low3,Low3,Low4,Wild,Low1,High3,Low3,Low4,Respin,Low2,Low1,Low3,Low3,Low4,Respin,Low2,Low4,Low2,Respin,Low3,Low4,High3,Respin,Low1,Low2,Low3,Respin,Low1,Low2,Low2,Wild,Low3,Low1,Low3,Wild,Low3,High3,Low4,Low2,Respin,Low3,Low1,Low4,Wild,Low3,Low2,Low4,Respin,Low1,Low3,High2,Low3,Low3,Respin,Low1,Low1,Low1,Low3,Respin,Respin,Low2,Low3,Low3,Wild,Low3,Low3,High1,Low1,Low3,Respin,Low3,Low1,Low1,Wild,Low3,Low3,Low4,Scatter,Low1,High3,Low3,Respin,Low4,Low2,Low1,Wild,Low3,Low4,Low1,Respin,Low4,Low2,Low2,Wild,Low4,High3,Low3,Low1,Low2,Low3,Low3,Low1,Low2,Low2,High1,Low3,Low1,Low3,Wild,Low3,High3,Low4,Low2,Respin,Low3,Low1,Low4,Wild,Low3,Low2,Low4,Respin,Low1,Low3,High2,Low3,Low3,Respin,Low1,Low1,Low1,Respin,Low3,Low4,Low2,Wild,Low3,Low3,Low3,Wild,High1,Low1,Low3,Respin,Low3,Low1,Low1,Wild,Low3,Low3,Low4,Wild,Low1,High3,Low3,Low4,Respin,Low2,Low1,Low3,Low3,Low4,Respin,Low2,Low4,Low2,Respin,Low3,Low4,High3,Respin,Low1,Low2,Low3,Respin,Low1,Low2,Low2,Wild,Low3,Low1,Low3,Wild,Low3,High3,Low4,Low2,Respin,Low3,Low1,Low4,Wild,Low3,Low2,Low4,Respin,Low1,Low3,High2,Low3,Low3,Respin,Low1,Low1,Low1,Low3,Respin,Respin,Low2,Low3,Low3,Wild,Low3,Low3,High1,Low1,Low3,Respin,Low3,Low1,Low1,Wild,Low3,Low3,Low4,Scatter,Low1,High3,Low3,Respin,Low4,Low2,Low1,Wild,Low3,Low4,Low1,Respin,Low4,Low2,Low2,Wild,Low4,High3,Low3,Low1,Low2,Low3,Low3,Low1,Low2" />
	<Reel defaultPosition="1" symbols="Low2,High1,Wild,High2,Low4,Low4,Wild,High2,High1,Low4,Wild,Low3,High3,High1,Wild,High3,High1,Low1,Wild,High3,Low3,Low1,Wild,Low3,Low3,Low2,Wild,Low3,Low2,Low4,Wild,Low2,Low2,High1,Wild,Low3,High1,Low1,Wild,High2,High1,Low2,High2,High2,High3,Wild,Low2,High3,Low2,Wild,Low1,High2,Low3,Wild,Low1,High3,Low4,Wild,Low4,Low1,Low1,Wild,Low2,High1,Low4,High2,Wild,Low3,High1,Low1,Wild,Low3,High3,Low4,Wild,High2" />
</ReelSet>	
<ReelSet name="BaseGameReelset5">	
	<Reel defaultPosition="1" symbols="Low3,Low3,High2,Low4,Low4,Low2,High1,Low3,High2,Low4,Low4,Low4,High3,Low3,Low3,Low3,High3,Low1,Low1,Wild,Low4,Low3,Low3,Low3,Low3,High3,Low3,Low3,High3,Low4,Low4,High3,Low1,High1,Low3,Low3,High3,Low4,Low4,High3,High1,Low4,High3,High3,High3,Low4,High1,Low4,Low3,Low3,Low3,High1,Low4,Low4,Low3,Low3,High3,Low3,Low4,Low4,Low4,Low4,Low3" />
	<Reel defaultPosition="1" symbols="Low3,High1,Low1,Low1,Low3,Low3,Low3,Low3,High2,Low1,Low1,Respin,Low2,Low2,Low2,Respin,Low2,Low2,Low4,Low4,Low3,Low3,Low3,Scatter,High3,Low2,Low2,Low1,Low1,High3,Low1,Low1,Respin,Respin,Low2,Low3,Low3,Low2,High3,Respin,Low3,Low3,High2,Low1,Low3,Respin,Low2,Low2,High2,Low4,Respin,Low1,Low1,Low1,Respin,Low4,Low1,Low1,Respin,Low1,Low1,Low1,Low2,High2,Low3,Low3,Wild,Low1,Low1,Low1,High2,Low3,Low3,Respin,Low4,Low2,Low2,Respin,Low2,Low2,Low2,Respin,Low3,Low3,Low3,Low3,Respin,Low1,Low1,Low1,Low1,High3,Low2,Low2,Respin,Respin,Low3,Low4,Low4,Low1,Low2,Low1,Low1,High2,High2,Low3,Low3,Low2,Low2,Low2,Low2,Respin,Low2,Low1,Low1,Low1,Low1,Respin,Low3,Low3,Low1,Respin,Low1,Low1,Low2,Low3,High1,Low1,Low1,Low3,Low3,Low3,Low3,High2,Low1,Low1,Respin,Low2,Low2,Low2,Respin,Low2,Low2,Low4,Low4,Low3,Low3,Low3,Scatter,High3,Low2,Low2,Low1,Low1,High3,Low1,Low1,Respin,Respin,Low2,Low3,Low3,Low2,High3,Respin,Low3,Low3,High2,Low1,Low3,Respin,Low2,Low2,High2,Low4,Respin,Low1,Low1,Low1,Respin,Low4,Low1,Low1,Respin,Low1,Low1,Low1,Low2,High2,Low3,Low3,Wild,Low1,Low1,Low1,High2,Low3,Low3,Respin,Low4,Low2,Low2,Respin,Low2,Low2,Low2,Respin,Low3,Low3,Low3,Low3,Respin,Low1,Low1,Low1,Low1,High3,Low2,Low2,Respin,Respin,Low3,Low4,Low4,Low1,Low2,Low1,Low1,High2,High2,Low3,Low3,Low2,Low2,Low2,Low2,Respin,Low2,Low1,Low1,Low1,Low1,Respin,Low3,Low3,Low1,Respin,Low1,Low1,Low2" />
	<Reel defaultPosition="1" symbols="Low2,High1,High1,High2,Low1,Low1,High3,Scatter,High3,Low4,High3,High2,Wild,Low2,Low2,Low2,Respin,Respin,Low1,High2,High1,Respin,High2,High2,High2,Low2,Respin,Low2,High2,High3,Low4,High2,Respin,Low2,High1,High2,Low4,Respin,Low2,Low2,Low2,High2,High2,Low1,Low1,Respin,Low2,Low2,High1,Low4,Respin,Low3,High1,High2,Respin,High3,High3,High3,Respin,Low2,Low2,Low2,Low2,High2,High2,Respin,Low2,High1,High1,Low1,High2,Low1,Low1,High3,High3,High3,Low4,Low4,High2,High2,Low2,Low2,Low2,Wild,Low2,High2,High1,Respin,High2,High2,High2,Low2,Respin,Low2,High2,High2,High2,Low4,Low2,High1,High2,Low4,Low2,Low2,High2,High2,Low2,Low1,Respin,Respin,Low2,Low2,High1,Low4,Low2,Low2,High1,High2,High2,Low2,High3,High3,High3,Low2,Low2,Low2,High3,Respin,Low2,Low2,Low2,Low2,High1,High1,High2,Low1,Low1,High3,Scatter,High3,Low4,High3,High2,Wild,Low2,Low2,Low2,Respin,Respin,Low1,High2,High1,Respin,High2,High2,High2,Low2,Respin,Low2,High2,High3,Low4,High2,Respin,Low2,High1,High2,Low4,Respin,Low2,Low2,Low2,High2,High2,Low1,Low1,Respin,Low2,Low2,High1,Low4,Respin,Low3,High1,High2,Respin,High3,High3,High3,Respin,Low2,Low2,Low2,Low2,High2,High2,Respin,Low2,High1,High1,Low1,High2,Low1,Low1,High3,High3,High3,Low4,Low4,High2,High2,Low2,Low2,Low2,Wild,Low2,High2,High1,Respin,High2,High2,High2,Low2,Respin,Low2,High2,High2,High2,Low4,Low2,High1,High2,Low4,Low2,Low2,High2,High2,Low2,Low1,Respin,Respin,Low2,Low2,High1,Low4,Low2,Low2,High1,High2,High2,Low2,High3,High3,High3,Low2,Low2,Low2,High3,Respin,Low2,Low2,Low2" />
	<Reel defaultPosition="1" symbols="Low2,High1,Low3,Low1,Low3,Wild,Low3,High3,Low4,Low2,Respin,Low3,Low1,Low4,Wild,Low3,Low2,Low4,Respin,Low1,Low3,High2,Low3,Low3,Respin,Low1,Low1,Low1,Respin,Low3,Low4,Low2,Wild,Low3,Low3,Low3,Wild,High1,Low1,Low3,Respin,Low3,Low1,Low1,Wild,Low3,Low3,Low4,Wild,Low1,High3,Low3,Low4,Respin,Low2,Low1,Low3,Low3,Low4,Respin,Respin,Low4,Low2,Low2,Low4,Low4,High3,Low3,Low1,Low2,Respin,Low3,Low1,Low2,Low2,Wild,Low3,Low1,Low3,Wild,Low3,High3,Low4,Low2,Respin,Low3,Low1,Low4,Wild,Low3,Low2,Low4,Respin,Low1,Low3,High2,Low3,Low3,Low3,Low1,Low1,Low1,Low4,Low2,Low3,Low3,Wild,Low3,Low3,High1,Low1,Low3,Respin,Low3,Low1,Low1,Wild,Low3,Low3,Low4,Scatter,Low1,High3,Low3,Respin,Low4,Low2,Low1,Wild,Low3,Low4,Low1,Low3,Low4,Low2,Low2,Wild,Low4,High3,Low3,Low1,Low2,Low3,Low3,Low1,Low2,Low2,High1,Low3,Low1,Low3,Wild,Low3,High3,Low4,Low2,Respin,Low3,Low1,Low4,Wild,Low3,Low2,Low4,Respin,Low1,Low3,High2,Low3,Low3,Respin,Low1,Low1,Low1,Respin,Low3,Low4,Low2,Wild,Low3,Low3,Low3,Wild,High1,Low1,Low3,Respin,Low3,Low1,Low1,Wild,Low3,Low3,Low4,Wild,Low1,High3,Low3,Low4,Respin,Low2,Low1,Low3,Low3,Low4,Respin,Respin,Low4,Low2,Low2,Low4,Low4,High3,Low3,Low1,Low2,Respin,Low3,Low1,Low2,Low2,Wild,Low3,Low1,Low3,Wild,Low3,High3,Low4,Low2,Respin,Low3,Low1,Low4,Wild,Low3,Low2,Low4,Respin,Low1,Low3,High2,Low3,Low3,Low3,Low1,Low1,Low1,Low4,Low2,Low3,Low3,Wild,Low3,Low3,High1,Low1,Low3,Respin,Low3,Low1,Low1,Wild,Low3,Low3,Low4,Scatter,Low1,High3,Low3,Respin,Low4,Low2,Low1,Wild,Low3,Low4,Low1,Low3,Low4,Low2,Low2,Wild,Low4,High3,Low3,Low1,Low2,Low3,Low3,Low1,Low2" />
	<Reel defaultPosition="1" symbols="Low2,High1,Wild,High2,Low4,Low4,Wild,High2,High1,Low4,Wild,Low3,High3,High1,Wild,High3,High1,Low1,Wild,High3,Low3,Low1,Wild,Low3,Low3,Low2,Wild,Low3,Low2,Low4,Wild,Low2,Low2,High1,Wild,Low3,High1,Low1,Wild,High2,High1,Low2,High2,High2,High3,Wild,Low2,High3,Low2,Wild,Low1,High2,Low3,Wild,Low1,High3,Low4,Wild,Low4,Low1,Low1,Wild,Low2,High1,Low4,High2,Wild,Low3,High1,Low1,Wild,Low3,High3,Low4,Wild,High2" />
</ReelSet>	
<ReelSet name="BaseGameReelset6">	
	<Reel defaultPosition="1" symbols="Low3,Low3,High2,Low4,Low2,Low2,High1,Low3,High2,Low4,Low4,Low4,High3,Low3,Low3,Low3,High3,Low1,Low1,Wild,Low4,Low3,Low3,Low3,Low3,High3,Low3,Low3,High3,Low4,Low4,High3,Low1,High1,Low3,Low3,High3,Low4,Low4,High3,High1,Low4,High3,High3,High3,Low4,High1,Low4,Low3,Low3,Low3,High1,Low4,Low4,Low3,Low3,High3,Low3,Low4,Low4,Low4,Low4,Low3" />
	<Reel defaultPosition="1" symbols="Low3,High1,Low1,Low1,Low3,Low3,Low3,Low3,High2,Low1,Low1,Respin,Low2,Low2,Low2,Respin,Low2,Low2,Low4,Respin,Low3,Low3,Low3,Scatter,High3,Low2,Low2,Respin,Low1,High3,Low1,Low1,Respin,Low1,Low2,Low3,Low3,Low2,High3,Respin,Low3,Low3,High2,Low1,Low3,Respin,Low2,Low2,High2,Low4,Respin,Low1,Low1,Low1,Respin,Low4,Low1,Low1,Respin,Low1,Low1,Low1,Respin,Low2,High2,Low3,Low3,Wild,Low1,Low1,Low1,High2,Low3,Low3,Respin,Low4,Low2,Low2,Respin,Low2,Low2,Low2,Respin,Low3,Low3,Low3,Low3,Low2,Low1,Low1,Low1,Low1,High3,Low2,Low2,Respin,Respin,Respin,Respin,Low4,Low1,Low2,Low1,Low1,High2,High2,Low3,Low3,Respin,Low2,Low2,Low2,Low2,Respin,Low1,Low1,Low1,Low1,Respin,Low3,Low3,Low1,Respin,Low1,Low3,High1,Low1,Low1,Low3,Low3,Low3,Low3,High2,Low1,Low1,Respin,Low2,Low2,Low2,Respin,Low2,Low2,Low4,Respin,Low3,Low3,Low3,Scatter,High3,Low2,Low2,Respin,Low1,High3,Low1,Low1,Respin,Low1,Low2,Low3,Low3,Low2,High3,Respin,Low3,Low3,High2,Low1,Low3,Respin,Low2,Low2,High2,Low4,Respin,Low1,Low1,Low1,Respin,Low4,Low1,Low1,Respin,Low1,Low1,Low1,Respin,Low2,High2,Low3,Low3,Wild,Low1,Low1,Low1,High2,Low3,Low3,Respin,Low4,Low2,Low2,Respin,Low2,Low2,Low2,Respin,Low3,Low3,Low3,Low3,Low2,Low1,Low1,Low1,Low1,High3,Low2,Low2,Respin,Respin,Respin,Respin,Low4,Low1,Low2,Low1,Low1,High2,High2,Low3,Low3,Respin,Low2,Low2,Low2,Low2,Respin,Low1,Low1,Low1,Low1,Respin,Low3,Low3,Low1,Respin,Low1" />
	<Reel defaultPosition="1" symbols="Low2,High1,High1,Respin,Low3,Low1,High3,Scatter,High3,Low4,High3,High2,Wild,Low2,Low2,Low2,Respin,High2,Low1,High2,High1,Respin,High2,High2,High2,Low2,Respin,Low2,High2,High3,Low4,High2,Respin,Low2,High1,High2,Low4,Respin,Low2,Low2,Low2,High2,High2,Low1,Low1,Respin,Low2,Low2,High1,Low4,Respin,Low3,High1,High2,Respin,High3,High3,High3,Respin,Low2,Low2,Low2,Respin,Low2,High2,High2,Respin,Low2,High1,High1,Respin,High2,Low1,Low1,High3,High3,High3,Low4,Low4,High2,High2,Low2,Low2,Low2,Wild,Low2,High2,High1,Respin,High2,High2,High2,Low2,Respin,Low2,High2,High2,High2,Low4,Respin,Low2,High1,High2,Low4,Low2,Low2,Low2,High2,High2,Low2,Low1,Low1,Respin,Low2,Low2,High1,Low4,Low2,Low2,High1,High2,High2,Low2,High3,High3,High3,Low2,Respin,Respin,Respin,Respin,Low2,Low2,Low2" />
	<Reel defaultPosition="1" symbols="Low2,High1,Low3,Low1,Low3,Wild,Low3,High3,Low4,Low2,Respin,Low3,Low1,Low4,Wild,Low3,Low2,Low4,Respin,Low1,Low3,High2,Low3,Low3,Respin,Low1,Low1,Low1,Respin,Low3,Low4,Low2,Wild,Low3,Low3,Low3,Wild,High1,Low1,Low3,Respin,Low3,Low1,Low1,Wild,Low3,Low3,Low4,Wild,Low1,High3,Low3,Low4,Respin,Low2,Low1,Low3,Low3,Low4,Respin,Respin,Respin,Respin,Low2,Low2,Low4,High3,Low3,Low1,Low2,Respin,Low3,Low1,Low2,Low2,Wild,Low3,Low1,Low3,Wild,Low3,High3,Low4,Low2,Respin,Low3,Low1,Low4,Wild,Low3,Low2,Low4,Respin,Low1,Low3,High2,Low3,Low3,Respin,Low1,Low1,Low1,Low3,Respin,Low4,Low2,Low3,Low3,Wild,Low3,Low3,High1,Low1,Low3,Respin,Low3,Low1,Low1,Wild,Low3,Low3,Low4,Scatter,Low1,High3,Low3,Respin,Low4,Low2,Low1,Wild,Low3,Low4,Low1,Respin,Low4,Low2,Low2,Wild,Low4,High3,Low3,Low1,Low2,Low3,Low3,Low2,High1,Low3,Low1,Low3,Wild,Low3,High3,Low4,Low2,Respin,Low3,Low1,Low4,Wild,Low3,Low2,Low4,Respin,Low1,Low3,High2,Low3,Low3,Respin,Low1,Low1,Low1,Respin,Low3,Low4,Low2,Wild,Low3,Low3,Low3,Wild,High1,Low1,Low3,Respin,Low3,Low1,Low1,Wild,Low3,Low3,Low4,Wild,Low1,High3,Low3,Low4,Respin,Low2,Low1,Low3,Low3,Low4,Respin,Respin,Respin,Respin,Low2,Low2,Low4,High3,Low3,Low1,Low2,Respin,Low3,Low1,Low2,Low2,Wild,Low3,Low1,Low3,Wild,Low3,High3,Low4,Low2,Respin,Low3,Low1,Low4,Wild,Low3,Low2,Low4,Respin,Low1,Low3,High2,Low3,Low3,Respin,Low1,Low1,Low1,Low3,Respin,Low4,Low2,Low3,Low3,Wild,Low3,Low3,High1,Low1,Low3,Respin,Low3,Low1,Low1,Wild,Low3,Low3,Low4,Scatter,Low1,High3,Low3,Respin,Low4,Low2,Low1,Wild,Low3,Low4,Low1,Respin,Low4,Low2,Low2,Wild,Low4,High3,Low3,Low1,Low2,Low3,Low3" />
	<Reel defaultPosition="1" symbols="Low2,High1,Wild,High2,Low4,Low4,Wild,High2,High1,Low4,Wild,Low3,High3,High1,Wild,High3,High1,Low1,Wild,High3,Low3,Low1,Wild,Low3,Low3,Low2,Wild,Low3,Low2,Low4,Wild,Low2,Low2,High1,Wild,Low3,High1,Low1,Wild,High2,High1,Low2,High2,High2,High3,Wild,Low2,High3,Low2,Wild,Low1,High2,Low3,Wild,Low1,High3,Low4,Wild,Low4,Low1,Low1,Wild,Low2,High1,Low4,High2,Wild,Low3,High1,Low1,Wild,Low3,High3,Low4,Wild,High2" />
</ReelSet>	
	
<ReelSet name="FreeSpinsAReelset1">	
	<Reel defaultPosition="1" symbols="Low2,Low2,High1,Low3,Low3,Low3,High1,Low1,Wild,Low4,Low4,Low4,High3,Low3,Low3,Low3,High3,Low4,Low4,Wild,Low4,Low3,Low3,Low3,Low3,High3,Low4,Low3,High3,Low4,Low4,High3,Low3,Wild,Low3,Low3,High3,Low4,Low4,Low4,High1,Low4,Low1,High3,Low2,Low2,High1,Low3,Low3,Low3,High1,Low1,Wild,Low4,Low4,Low4,High3,Low3,Low3,Low3,High3,Low4,Low4,Wild,Low4,Low3,Low3,Low3,Low3,High3,Low4,Low3,High3,Low4,Low4,High3,Low3,Wild,Low3,Low3,High3,Low4,Low4,Low4,High1,Low4,Low1,High3" />
	<Reel defaultPosition="1" symbols="Low3,High2,Low3,Low3,Wild,Low1,Low1,High2,Low1,Scatter,Low3,Low3,Low1,Low4,Low4,Scatter,Low2,Low2,Low2,Low2,Low1,Low1,Scatter,High3,Low2,Low3,Low3,Low3,Wild,High3,Low3,Low2,Low4,Bonus,Bonus,Low4,Low4,Low4,High3,Low1,Low1,Wild,High2,Low3,Low3,High1,Low2,Low2,High2,Low4,Bonus,Low1,Low1,Low1,Low3,Bonus,Bonus,Low3,Low1,Low1,Low1,Low1,Bonus,Low3,High2,Low3,Low3,Wild,Low1,Low1,Low2,Scatter,Low3,Low2,Low2,Low2,Bonus,Low4,Low4,Low2,Scatter,Low1,Low1,Low1,Low3,High2,Low3,Low3,Wild,Low1,Low1,High2,Low1,Scatter,Low3,Low3,Low1,Low4,Low4,Scatter,Low2,Low2,Low2,Low2,Low1,Low1,Scatter,High3,Low2,Low3,Low3,Low3,Wild,High3,Low3,Low2,Low4,Bonus,Bonus,Low4,Low4,Low4,High3,Low1,Low1,Wild,High2,Low3,Low3,High1,Low2,Low2,High2,Low4,Bonus,Low1,Low1,Low1,Low3,Bonus,Bonus,Low3,Low1,Low1,Low1,Low1,Bonus,Low3,High2,Low3,Low3,Wild,Low1,Low1,Low2,Scatter,Low3,Low2,Low2,Low2,Bonus,Low4,Low4,Low2,Scatter,Low1,Low1,Low1" />
	<Reel defaultPosition="1" symbols="Low2,High1,High1,High2,Wild,Low2,High2,High2,Low2,Bonus,Low2,High3,Low1,Scatter,Low2,Low2,Low2,Bonus,Bonus,High2,High1,Low3,Wild,High2,High2,Low2,Scatter,Low2,High2,High2,Wild,Low2,Low2,Low2,High2,High2,Low4,Scatter,Low2,Low2,Low2,High2,High2,Low1,Bonus,Bonus,Bonus,Low2,High1,Low2,Scatter,Low2,High1,High2,High2,Low3,High3,High3,High3,Low2,Low2,Scatter,Low4,Low2,High1,High1,Low1,Bonus,Low2,Low2" />
	<Reel defaultPosition="1" symbols="Low2,High1,Low3,Low3,Low3,Wild,Low3,High3,Low4,Low4,Wild,Low1,Low1,Low1,Wild,Low3,Low2,Low2,Low2,Wild,Low4,Low3,Low3,Low3,Scatter,Low1,Low1,Low1,Wild,High2,Low3,Low3,Low3,Bonus,Bonus,Low3,Low3,High1,Low3,Low4,Wild,Low1,Low1,Low1,Wild,Low3,Low3,Low3,Low1,Low1,Wild,Low4,Low4,Low4,Low4,Scatter,Low3,Low3,Low3,Bonus,Bonus,Bonus,Low2,Low2,Low2,Wild,Low3,High3,Low1,Low2,Wild,Low3,Low1,Low2,Low2,Bonus,Low3,Low1,Low3,Wild,Low3,High3,Low4,Wild,Low3,High1,Low1,Low4,Wild,Low3,Low2,Low4,Wild,Low1,Low3,High2,Low3,Low3,Scatter,Low1,Low1,Low1,Low3,High2,Low2,Low2,Low3,Low3,Wild,Low3,Low3,High1,Bonus,Low1,Low4,Low3,Wild,Low1,Low3,Low3,Low3,Low4,Scatter,Low1,Low3,Low3,High3,Low4,Low2,Scatter,Low3,Low3,Low4,High3,Low3,Low4,Wild,Low2,Low3,Low4,Bonus,Low3,Low1,Low2,Wild,Low2,High1,Low3,Low3,Low3,Wild,Low3,High3,Low4,Low4,Wild,Low1,Low1,Low1,Wild,Low3,Low2,Low2,Low2,Wild,Low4,Low3,Low3,Low3,Scatter,Low1,Low1,Low1,Wild,High2,Low3,Low3,Low3,Bonus,Bonus,Low3,Low3,High1,Low3,Low4,Wild,Low1,Low1,Low1,Wild,Low3,Low3,Low3,Low1,Low1,Wild,Low4,Low4,Low4,Low4,Scatter,Low3,Low3,Low3,Bonus,Bonus,Bonus,Low2,Low2,Low2,Wild,Low3,High3,Low1,Low2,Wild,Low3,Low1,Low2,Low2,Bonus,Low3,Low1,Low3,Wild,Low3,High3,Low4,Wild,Low3,High1,Low1,Low4,Wild,Low3,Low2,Low4,Wild,Low1,Low3,High2,Low3,Low3,Scatter,Low1,Low1,Low1,Low3,High2,Low2,Low2,Low3,Low3,Wild,Low3,Low3,High1,Bonus,Low1,Low4,Low3,Wild,Low1,Low3,Low3,Low3,Low4,Scatter,Low1,Low3,Low3,High3,Low4,Low2,Scatter,Low3,Low3,Low4,High3,Low3,Low4,Wild,Low2,Low3,Low4,Bonus,Low3,Low1,Low2,Wild" />
	<Reel defaultPosition="1" symbols="Low2,High1,Wild,High2,Low4,Low4,Wild,High2,High1,Low4,Wild,Low1,High3,High1,Wild,High3,High1,Low1,High3,Wild,Low3,Low1,Low3,Wild,Low3,Low2,Low3,Wild,Low2,Low2,Low4,Wild,Low2,High1,Low3,Wild,High1,Low1,Low1,High2,High1,Wild,High2,High2,High3,Wild,Low1,High3,Low2,Wild,Low1,High2,Low3,High1,Wild,High3,Low4,Low4,Wild,Low1,Low1,Low3,Wild,High1,Low1,High2,Wild,Low1,High2,Low1,Wild,Low3,High3,Low4,Wild,Low2,High1,Wild,High2,Low4,Low4,Wild,High2,High1,Low4,Wild,Low1,High3,High1,Wild,High3,High1,Low1,High3,Wild,Low3,Low1,Low3,Wild,Low3,Low2,Low3,Wild,Low2,Low2,Low4,Wild,Low2,High1,Low3,Wild,High1,Low1,Low1,High2,High1,Wild,High2,High2,High3,Wild,Low1,High3,Low2,Wild,Low1,High2,Low3,High1,Wild,High3,Low4,Low4,Wild,Low1,Low1,Low3,Wild,High1,Low1,High2,Wild,Low1,High2,Low1,Wild,Low3,High3,Low4,Wild" />
</ReelSet>	
<ReelSet name="FreeSpinsAReelset2">	
	<Reel defaultPosition="1" symbols="Low1,Low1,High1,Low4,Low4,Low4,High1,Low2,High3,Low3,Low3,Wild,High3,Low4,Low4,Low4,High3,Low3,Low3,Wild,Low3,Low4,Low4,Low4,Low4,High3,Low3,Low4,Wild,Low3,Low3,High3,Low4,High1,Low4,Low4,High3,Low3,Low3,Low3,High1,Low3,Low4,High3,Low3,Low3,Low3,High2,Low4,Low4,Low4,Low3,Low3,Low3,Low4,Low4,High3,Low4,Low4,Low4,Low3,Low3,Low3" />
	<Reel defaultPosition="1" symbols="Low4,High2,Low4,Low4,Wild,Low2,Low2,High2,Low2,Scatter,Low4,Low4,Low2,Low3,Low3,Scatter,Low1,Low1,Low1,Low1,Low2,Low2,Scatter,High3,Low1,Low4,Low4,Low4,Bonus,High3,Low4,Low1,Low3,Bonus,Bonus,Low3,Low3,Low3,High3,Low2,Low2,Scatter,High2,Low4,Low4,High1,Low1,Low1,High2,Wild,Low4,Low2,Low2,Low2,Bonus,Bonus,Bonus,Low4,Low2,Low2,Low2,Low2,Bonus,Low4,High2,Low4,Wild,Low3,Low2,Low2,Low1,Scatter,Low4,Low1,Low1,Low1,Wild,Low3,Low3,Low1,Scatter,Low2,Low2,Low2,Low2,High2,High3,Low2,Low4,Low4,Low4,Low4,High3,Low2,Low1,Bonus,Bonus,Low1,Low3,Low3,Low2,High3,Low3,Low2,Scatter,Low4,Low4,Low4,High2,Low1,Low1,Low3,Wild,Low4,Low2,Low2,Low2,Bonus,Bonus,Low4,Low1,Low2,Low2,Low2,Low2,Low1" />
	<Reel defaultPosition="1" symbols="Low1,High1,High1,High2,Wild,Low1,High2,High2,Low1,Bonus,Low1,High3,Low2,Scatter,Low1,Low1,Low1,Bonus,Bonus,High2,High1,Low4,High2,High2,High2,Low1,Scatter,Low1,High2,High2,High2,Low1,Wild,Low1,High2,High2,Low3,Scatter,Low1,Low1,Low1,High2,High2,Low2,Low1,Bonus,High3,Low1,High1,Low1,Scatter,Low1,High1,High2,High2,Low1,Wild,High3,High3,Low1,Low1,Bonus,Low2,Low1,High1,High1,Low2,Low1" />
	<Reel defaultPosition="1" symbols="Low1,High1,Low4,Low4,Low4,Wild,Low4,High3,Low3,Low3,Wild,Low2,Low2,Low2,Wild,Low4,Low1,Low1,Low1,Wild,Low3,Low4,Low4,Low4,Scatter,Low2,Low2,Low2,Low1,High2,Low4,Low4,Low4,Bonus,Bonus,Low4,Low4,High1,Low4,Low3,Wild,Low2,Low2,Low2,Wild,Low4,Low4,Low4,Low2,Low2,Wild,Low3,Low3,Low3,Low3,Scatter,Low4,Low4,Low4,Bonus,Bonus,Low1,Low1,Low1,Low2,Wild,Low4,High3,Low2,Low1,Wild,Low4,Low2,Low1,Bonus,Low4,High1,Low2,Low4,Wild,Low4,High3,Low3,Wild,Low4,Low4,Low2,Low3,Wild,Low4,Low1,Low3,Wild,Low2,Low4,High2,Low4,Low4,Scatter,Low2,Low2,Low2,Low4,Bonus,Bonus,Low1,Low4,Low4,Wild,Low4,Low4,High1,Low2,Low4,Low3,Wild,Low2,Low2,High2,Low4,Low4,Scatter,Low3,Low2,Low4,Bonus,Low3,Low3,Low1,Scatter,Low4,Low4,Low3,High3,Low4,Low3,Low2,Low1,High3,Low3,Bonus,Low4,Low2,Low2,Wild,Low4,Low2,Low1" />
	<Reel defaultPosition="1" symbols="Low1,High1,Wild,High2,Low3,Low3,Wild,High2,High1,Low3,Wild,Low2,High3,High1,Wild,High3,High1,Low2,High3,Wild,Low4,Low2,Low4,Wild,Low4,Low1,Low4,Wild,Low1,Low1,Low3,Wild,Low1,High1,Low4,Wild,High1,Low2,Low2,High2,High1,Wild,High2,High2,High3,Wild,Low1,High3,Low1,Wild,Low2,High2,Low4,High1,Wild,High3,Low3,Low3,Wild,Low2,Low2,Low4,Wild,High1,Low2,High2,Wild,Low2,High2,Low2,Wild,Low4,High3,Low3,Wild,High2" />
</ReelSet>	
<ReelSet name="FreeSpinsAReelset3">	
	<Reel defaultPosition="1" symbols="Low2,Low2,High1,Low3,Low3,Low3,High1,Low1,High3,Low4,Low4,Low4,High3,Low3,Low3,Low3,High3,Low4,Low4,Wild,Low4,Low3,Low3,Low3,Low3,High3,Low4,Low3,High3,Low4,Low4,High3,Low3,High1,Low3,Low3,High3,Low4,Low4,Low4,High1,Low4,Low3,High3,Low4,Low4,Low4,High2,Low3,Low3,Low3,High3,Low4,Low4,Low3,Low3,High3,Low3,Low3,Low3,Low4,Low4,Low4" />
	<Reel defaultPosition="1" symbols="Low3,High2,Low3,Low3,Wild,Low1,Low1,High2,Low1,Scatter,Low3,Low3,Low1,Low4,Low4,Scatter,Low2,Low2,Low2,Low2,Low1,Low1,Scatter,High3,Low2,Low3,Low3,Low3,Low1,High3,Low3,Low2,Low4,Bonus,Bonus,Low4,Low4,Low4,High3,Low1,Low1,Scatter,High2,Low3,Low3,High1,Low2,Low2,High2,Low4,Low3,Low1,Low1,Low1,Bonus,Bonus,Bonus,Bonus,Low1,Low1,Low1,Low1,Low2,Low3,High2,Low3,Low3,Low4,Low1,Low1,Low2,Scatter,Low3,Low2,Low2,Low2,Low2,Low4,Low4,Low2,Scatter,Low1,Low1,Low1,Low1,High2,High3,Low1,Low3,Low3,Low3,Low3,High3,Low1,Low2,Low3,Bonus,Low2,Low4,Low4,Low1,High3,Low4,Low1,Scatter,Low3,Low3,Low3,High1,Low2,Low2,High2,Low4,Low3,Low1,Low1,Low1,Bonus,Bonus,Low4,Low3,High2,Low3,Low3,Wild,Low1,Low1,High2,Low1,Scatter,Low3,Low3,Low1,Low4,Low4,Scatter,Low2,Low2,Low2,Low2,Low1,Low1,Scatter,High3,Low2,Low3,Low3,Low3,Low1,High3,Low3,Low2,Low4,Bonus,Bonus,Low4,Low4,Low4,High3,Low1,Low1,Scatter,High2,Low3,Low3,High1,Low2,Low2,High2,Low4,Low3,Low1,Low1,Low1,Bonus,Bonus,Bonus,Bonus,Low1,Low1,Low1,Low1,Low2,Low3,High2,Low3,Low3,Low4,Low1,Low1,Low2,Scatter,Low3,Low2,Low2,Low2,Low2,Low4,Low4,Low2,Scatter,Low1,Low1,Low1,Low1,High2,High3,Low1,Low3,Low3,Low3,Low3,High3,Low1,Low2,Low3,Bonus,Low2,Low4,Low4,Low1,High3,Low4,Low1,Scatter,Low3,Low3,Low3,High1,Low2,Low2,High2,Low4,Low3,Low1,Low1,Low1,Bonus,Bonus,Low4" />
	<Reel defaultPosition="1" symbols="Low2,High1,High1,High2,Wild,Low2,High2,High2,Low2,Low2,Low2,High3,Low1,Scatter,Low2,Low2,Low2,High3,Bonus,High2,High1,Low3,High2,High2,High2,Low2,Scatter,Low2,High2,High2,High2,Low2,Low2,Low2,High2,High2,Low4,Scatter,Low2,Low2,Low2,High2,High2,Bonus,Bonus,Bonus,Bonus,Low2,High1,Low2,Scatter,Low2,High1,High2,High2,Low2,High3,High3,High3,Low2,Low2,Bonus,Low4,Low2,High1,High1,Low1,Low2" />
	<Reel defaultPosition="1" symbols="Low2,High1,Low3,Low3,Low3,Wild,Low3,High3,Low4,Low4,Wild,Low1,Low1,Low1,Wild,Low3,Low2,Low2,Low2,Wild,Low4,Low3,Low3,Low3,Scatter,Low1,Low1,Low1,Low2,High2,Low3,Low3,Low3,Bonus,Bonus,Low3,Low3,High1,Low3,Low4,Wild,Low1,Low1,Low1,Wild,Low3,Low3,Low3,Low1,Low1,Wild,Low4,Low4,Low4,Low4,Scatter,Low3,Low3,Low3,Bonus,Bonus,Bonus,Bonus,Low2,Low2,Low3,Wild,Low1,High3,Low2,Low3,Wild,Low1,Low2,Low2,High1,Low3,Low1,Low3,Wild,Low3,High3,Low4,Wild,Low3,Low3,Low1,Low4,Wild,Low3,Low2,Low4,Wild,Low1,Low3,High2,Low3,Low3,Scatter,Low1,Low1,Low1,Low3,High2,Low2,Low2,Low3,Low3,Wild,Low3,Low3,High1,Low1,Low3,Low4,Wild,Low1,Low1,Low3,Low3,Low3,Low4,Scatter,Low1,Low3,Low3,Low4,Low4,Low2,Scatter,Low3,Low3,Low4,High3,Low3,Low4,Wild,Low2,Low3,Low4,High3,Low3,Low1,Low2,Wild,Low3,Low1,Low2" />
	<Reel defaultPosition="1" symbols="Low2,High1,Wild,High2,Low4,Low4,Wild,High2,High1,Low4,Wild,Low1,High3,High1,Wild,High3,High1,Low1,High3,Wild,Low3,Low1,Low3,Wild,Low3,Low2,Low3,Wild,Low2,Low2,Low4,Wild,Low2,High1,Low3,Wild,High1,Low1,Low1,High2,High1,Wild,High2,High2,High3,Wild,Low2,High3,Low2,Wild,Low1,High2,Low3,High1,Wild,High3,Low4,Low4,Wild,Low1,Low1,Low3,Wild,High1,Low1,High2,Wild,Low1,High2,Low1,Wild,Low3,High3,Low4,Wild,High2" />
</ReelSet>	
<ReelSet name="FreeSpinsAReelset4">	
	<Reel defaultPosition="1" symbols="Low3,Low3,High2,Low4,Low2,Low2,High1,Low3,High2,Low4,Low4,Low4,High3,Low3,Low3,Low3,High3,Low1,Low1,Wild,Low4,Low3,Low3,Low3,Low3,High3,Low3,Low3,High3,Low4,Low4,High3,Low1,High1,Low3,Low3,High3,Low4,Low4,High3,High1,Low4,High3,High3,High3,Low4,High1,Low4,Low3,Low3,Low3,Wild,Low4,Low4,Low3,Low3,High3,Low3,Low4,Low4,Low4,Low4,Low3" />
	<Reel defaultPosition="1" symbols="Low3,High1,Low1,Low1,Low3,Low3,Low3,Low3,High2,Low1,Low1,Respin,Low2,Low2,Low2,Respin,Low2,Low2,Low4,Respin,Low3,Low3,Low3,Scatter,High3,Low2,Low2,Respin,Low1,High3,Low1,Low1,Respin,Low1,Low2,Low3,Low3,Low2,High3,Respin,Low3,Low3,High2,Low1,Low3,Respin,Low2,Low2,High2,Low4,Respin,Low1,Low1,Low1,Respin,Low4,Low1,Low1,Respin,Low1,Low1,Low1,Respin,Low2,High2,Low3,Low3,Wild,Low1,Low1,Low1,High2,Low3,Low3,Respin,Low4,Low2,Low2,Respin,Low2,Low2,Low2,Respin,Low3,Low3,Low3,Low3,Wild,Low1,Low1,Low1,Low1,High3,Low2,Low2,Respin,Respin,Low3,Low4,Low4,Low1,Low2,Low1,Low1,High2,High2,Low3,Low3,Respin,Low2,Low2,Low2,Low2,High2,Low1,Low1,Low1,Low1,Respin,Respin,Low3,Low3,Low1,Low1,Low1,Low2" />
	<Reel defaultPosition="1" symbols="Low2,High1,High1,High2,Low3,Low1,High3,Scatter,High3,Low4,High3,High2,Wild,Low2,Low2,Low2,Respin,Respin,Low1,High2,High1,Respin,High2,High2,High2,Low2,Respin,Low2,High2,High3,Low4,High2,Respin,Low2,High1,High2,Low4,Respin,Low2,Low2,Low2,High2,High2,Low1,Low1,Respin,Low2,Low2,High1,Low4,Respin,Low3,High1,High2,Respin,High3,High3,High3,Respin,Low2,Low2,Low2,Respin,Low2,High2,High2,Respin,Low2,High1,High1,Respin,High2,Low1,Low1,High3,High3,High3,Low4,Low4,High2,High2,Low2,Low2,Low2,Wild,Low2,High2,High1,Respin,High2,High2,High2,Low2,Low1,Low2,High2,High2,High2,Low4,Respin,Low2,High1,High2,Low4,Low2,Low2,Low2,High2,High2,Low2,Low1,Respin,Respin,Low2,Low2,High1,Low4,Low2,Low2,High1,High2,High2,Low2,High3,High3,High3,High3,Low2,Low3,Respin,Respin,Low2,Low2,Low2" />
	<Reel defaultPosition="1" symbols="Low2,High1,Low3,Low1,Low3,Wild,Low3,High3,Low4,Low2,Respin,Low3,Low1,Low4,Wild,Low3,Low2,Low4,Respin,Low1,Low3,High2,Low3,Low3,Respin,Low1,Low1,Low1,Respin,Low3,Low4,Low2,Wild,Low3,Low3,Low3,Wild,High1,Low1,Low3,Respin,Low3,Low1,Low1,Wild,Low3,Low3,Low4,Wild,Low1,High3,Low3,Low4,Respin,Low2,Low1,Low3,Low3,Low4,Respin,Respin,Low4,Low2,Low2,Respin,Low4,High3,Low3,Low1,Low2,Respin,Low3,Low1,Low2,Low2,Wild,Low3,Low1,Low3,Wild,Low3,High3,Low4,Low2,Respin,Low3,Low1,Low4,Wild,Low3,Low2,Low4,Respin,Low1,Low3,High2,Low3,Low3,Respin,Low1,Low1,Low1,Low3,Respin,Respin,Low2,Low3,Low3,Wild,Low3,Low3,High1,Low1,Low3,Respin,Low3,Low1,Low1,Wild,Low3,Low3,Low4,Scatter,Low1,High3,Low3,Respin,Low4,Low2,Low1,Wild,Low3,Low4,Low1,Respin,Low4,Low2,Low2,Wild,Low4,High3,Low3,Low1,Low2,Low3,Low3,Low1,Low2" />
	<Reel defaultPosition="1" symbols="Low2,High1,Wild,High2,Low4,Low4,Wild,High2,High1,Low4,Wild,Low3,High3,High1,Wild,High3,High1,Low1,Wild,High3,Low3,Low1,Wild,Low3,Low3,Low2,Wild,Low3,Low2,Low4,Wild,Low2,Low2,High1,Wild,Low3,High1,Low1,Wild,High2,High1,Low2,High2,High2,High3,Wild,Low2,High3,Low2,Wild,Low1,High2,Low3,Wild,Low1,High3,Low4,Wild,Low4,Low1,Low1,Wild,Low2,High1,Low4,High2,Wild,Low3,High1,Low1,Wild,Low3,High3,Low4,Wild,High2" />
</ReelSet>	
<ReelSet name="FreeSpinsAReelset5">	
	<Reel defaultPosition="1" symbols="Low3,Low3,High2,Low4,Low2,Low2,High1,Low3,High2,Low4,Low4,Low4,High3,Low3,Low3,Low3,High3,Low1,Low1,Wild,Low4,Low3,Low3,Low3,Low3,High3,Low3,Low3,High3,Low4,Low4,High3,Low1,High1,Low3,Low3,High3,Low4,Low4,High3,High1,Low4,High3,High3,High3,Low4,High1,Low4,Low3,Low3,Low3,High1,Low4,Low4,Low3,Low3,High3,Low3,Wild,Low4,Low4,Low4,Low3" />
	<Reel defaultPosition="1" symbols="Low3,High1,Low1,Low1,Low3,Low3,Low3,Low3,High2,Low1,Low1,Respin,Low2,Low2,Low2,Respin,Low2,Low2,Low4,Wild,Low3,Low3,Low3,Scatter,High3,Low2,Low2,Low1,Low1,High3,Low1,Low1,Respin,Respin,Low2,Low3,Low3,Low2,High3,Respin,Low3,Low3,High2,Low1,Low3,Respin,Low2,Low2,High2,Low4,Respin,Low1,Low1,Low1,Respin,Low4,Low1,Low1,Respin,Low1,Low1,Low1,Respin,Low2,High2,Low3,Low3,Wild,Low1,Low1,Low1,High2,Low3,Low3,Respin,Low4,Low2,Low2,Respin,Low2,Low2,Low2,Respin,Low3,Low3,Low3,Low3,Respin,Low1,Low1,Low1,Low1,High3,Low2,Low2,Respin,Respin,Low3,Low4,Low4,Low1,Low2,Low1,Low1,High2,High2,Low3,Low3,Low2,Low2,Low2,Low2,Respin,Respin,Low1,Low1,Low1,Low1,Low2,Low3,Low3,Low1,Respin,Low1,Low1,Low2" />
	<Reel defaultPosition="1" symbols="Low2,High1,High1,High2,Low3,Low1,High3,Scatter,High3,Low4,High3,High2,Wild,Low2,Low2,Low2,Respin,Respin,Low1,High2,High1,Respin,High2,High2,High2,Low2,Respin,Low2,High2,High3,Low4,High2,Respin,Low2,High1,High2,Low4,Respin,Low2,Low2,Low2,High2,High2,Low1,Low1,Respin,Low2,Low2,High1,Low4,Respin,Low3,High1,High2,Respin,High3,High3,High3,Respin,Low2,Low2,Low2,Respin,Low2,High2,High2,Respin,Low2,High1,High1,Low1,Wild,Low1,Low1,High3,High3,High3,Low4,Low4,High2,High2,Low2,Low2,Low2,Wild,Low2,High2,High1,Respin,High2,High2,High2,Low2,Respin,Low2,High2,High2,High2,Low4,Respin,Low2,High1,High2,Low4,Low2,Low2,Low2,High2,High2,Low2,Low1,Respin,Respin,Low2,Low2,High1,Low4,Low2,Low2,High1,High2,High2,Low2,High3,High3,High3,Low2,Low2,Low3,High3,Respin,Low2,Low2,Low2" />
	<Reel defaultPosition="1" symbols="Low2,High1,Low3,Low1,Low3,Wild,Low3,High3,Low4,Low2,Respin,Low3,Low1,Low4,Wild,Low3,Low2,Low4,Respin,Low1,Low3,High2,Low3,Low3,Respin,Low1,Low1,Low1,Respin,Low3,Low4,Low2,Wild,Low3,Low3,Low3,Wild,High1,Low1,Low3,Respin,Low3,Low1,Low1,Wild,Low3,Low3,Low4,Wild,Low1,High3,Low3,Low4,Respin,Low2,Low1,Low3,Low3,Low4,Respin,Respin,Low4,Low2,Low2,Low4,Low4,High3,Low3,Low1,Low2,Respin,Low3,Low1,Low2,Low2,Wild,Low3,Low1,Low3,Wild,Low3,High3,Low4,Low2,Respin,Low3,Low1,Low4,Wild,Low3,Low2,Low4,Respin,Low1,Low3,High2,Low3,Low3,Low3,Low1,Low1,Low1,Respin,Respin,Low4,Low2,Low3,Low3,Wild,Low3,Low3,High1,Low1,Low3,Respin,Low3,Low1,Low1,Wild,Low3,Low3,Low4,Scatter,Low1,High3,Low3,Respin,Low4,Low2,Low1,Wild,Low3,Low4,Low1,Low3,Low4,Low2,Low2,Wild,Low4,High3,Low3,Low1,Low2,Low3,Low3,Low1,Low2" />
	<Reel defaultPosition="1" symbols="Low2,High1,Wild,High2,Low4,Low4,Wild,High2,High1,Low4,Wild,Low3,High3,High1,Wild,High3,High1,Low1,Wild,High3,Low3,Low1,Wild,Low3,Low3,Low2,Wild,Low3,Low2,Low4,Wild,Low2,Low2,High1,Wild,Low3,High1,Low1,Wild,High2,High1,Low2,High2,High2,High3,Wild,Low2,High3,Low2,Wild,Low1,High2,Low3,Wild,Low1,High3,Low4,Wild,Low4,Low1,Low1,Wild,Low2,High1,Low4,High2,Wild,Low3,High1,Low1,Wild,Low3,High3,Low4,Wild,High2" />
</ReelSet>	
<ReelSet name="FreeSpinsAReelset6">	
	<Reel defaultPosition="1" symbols="Low3,Low3,High2,Low4,Low2,Low2,High1,Low3,High2,Low4,Low4,Low4,High3,Low3,Low3,Low3,High3,Low1,Low1,Wild,Low4,Low3,Low3,Low3,Low3,High3,Low3,Low3,High3,Low4,Low4,High3,Low1,High1,Low3,Low3,High3,Low4,Low4,High3,High1,Low4,High3,High3,High3,Low4,High1,Low4,Low3,Low3,Low3,High1,Low4,Low4,Low3,Low3,High3,Low3,Low4,Low4,Low4,Low4,Low3" />
	<Reel defaultPosition="1" symbols="Low3,High1,Low1,Low1,Low3,Low3,Low3,Low3,High2,Low1,Low1,Respin,Low2,Low2,Low2,Respin,Low2,Low2,Low4,Respin,Low3,Low3,Low3,Scatter,High3,Low2,Low2,Respin,Low1,High3,Low1,Low1,Respin,Low1,Low2,Low3,Low3,Low2,High3,Respin,Low3,Low3,High2,Low1,Low3,Respin,Low2,Low2,High2,Low4,Respin,Low1,Low1,Low1,Respin,Low4,Low1,Low1,Respin,Low1,Low1,Low1,Respin,Low2,High2,Low3,Low3,Wild,Low1,Low1,Low1,High2,Low3,Low3,Respin,Low4,Low2,Low2,Respin,Low2,Low2,Low2,Respin,Low3,Low3,Low3,Low3,Low2,Low1,Low1,Low1,Low1,High3,Low2,Low2,Respin,Respin,Respin,Respin,Low4,Low1,Low2,Low1,Low1,High2,High2,Low3,Low3,Respin,Low2,Low2,Low2,Low2,Respin,Low1,Low1,Low1,Low1,Respin,Low3,Low3,Low1,Respin,Low1,Low1,Low2" />
	<Reel defaultPosition="1" symbols="Low2,High1,High1,High2,Low3,Low1,High3,Scatter,High3,Low4,High3,High2,Wild,Low2,Low2,Low2,Respin,Respin,Low1,High2,High1,Respin,High2,High2,High2,Low2,Respin,Low2,High2,High3,Low4,High2,Respin,Low2,High1,High2,Low4,Respin,Low2,Low2,Low2,High2,High2,Low1,Low1,Respin,Low2,Low2,High1,Low4,Respin,Low3,High1,High2,Respin,High3,High3,High3,Respin,Low2,Low2,Low2,Respin,Low2,High2,High2,Respin,Low2,High1,High1,Respin,High2,Low1,Low1,High3,High3,High3,Low4,Low4,High2,High2,Low2,Low2,Low2,Wild,Low2,High2,High1,Respin,High2,High2,High2,Low2,Respin,Low2,High2,High2,High2,Low4,Respin,Low2,High1,High2,Low4,Low2,Low2,Low2,High2,High2,Low2,Low1,Low1,Respin,Low2,Low2,High1,Low4,Low2,Low2,High1,High2,High2,Low2,High3,High3,High3,Low2,Respin,Respin,Respin,Respin,Low2,Low2,Low2" />
	<Reel defaultPosition="1" symbols="Low2,High1,Low3,Low1,Low3,Wild,Low3,High3,Low4,Low2,Respin,Low3,Low1,Low4,Wild,Low3,Low2,Low4,Respin,Low1,Low3,High2,Low3,Low3,Respin,Low1,Low1,Low1,Respin,Low3,Low4,Low2,Wild,Low3,Low3,Low3,Wild,High1,Low1,Low3,Respin,Low3,Low1,Low1,Wild,Low3,Low3,Low4,Wild,Low1,High3,Low3,Low4,Respin,Low2,Low1,Low3,Low3,Low4,Respin,Respin,Respin,Respin,Low2,Low2,Low4,High3,Low3,Low1,Low2,Respin,Low3,Low1,Low2,Low2,Wild,Low3,Low1,Low3,Wild,Low3,High3,Low4,Low2,Respin,Low3,Low1,Low4,Wild,Low3,Low2,Low4,Respin,Low1,Low3,High2,Low3,Low3,Respin,Low1,Low1,Low1,Low3,Respin,Low4,Low2,Low3,Low3,Wild,Low3,Low3,High1,Low1,Low3,Respin,Low3,Low1,Low1,Wild,Low3,Low3,Low4,Scatter,Low1,High3,Low3,Respin,Low4,Low2,Low1,Wild,Low3,Low4,Low1,Respin,Low4,Low2,Low2,Wild,Low4,High3,Low3,Low1,Low2,Low3,Low3,Low1,Low2" />
	<Reel defaultPosition="1" symbols="Low2,High1,Wild,High2,Low4,Low4,Wild,High2,High1,Low4,Wild,Low3,High3,High1,Wild,High3,High1,Low1,Wild,High3,Low3,Low1,Wild,Low3,Low3,Low2,Wild,Low3,Low2,Low4,Wild,Low2,Low2,High1,Wild,Low3,High1,Low1,Wild,High2,High1,Low2,High2,High2,High3,Wild,Low2,High3,Low2,Wild,Low1,High2,Low3,Wild,Low1,High3,Low4,Wild,Low4,Low1,Low1,Wild,Low2,High1,Low4,High2,Wild,Low3,High1,Low1,Wild,Low3,High3,Low4,Wild,High2" />
</ReelSet>	
	
<ReelSet name="FreeSpinsBReelset1">	
	<Reel defaultPosition="1" symbols="Low2,Low2,High1,Low3,Low3,Low3,High1,Low1,High3,Wild,Low4,Low4,High3,Low3,Low3,Low3,High3,Low4,Low4,Wild,Low4,Low3,Low3,Low3,Low3,High3,Low4,Low3,Wild,Low4,Low4,High3,Low3,High1,Low3,Low3,High3,Low4,Low4,Low4,Wild,Low4,Low3,High3,Low4,Low4,Low4,High2,Low3,Low3,Low3,High3,Wild,Low4,Low3,Low3,High3,Low3,Low3,Low3,Wild,Low4,Low4,Low4" />
	<Reel defaultPosition="1" symbols="Low3,High2,Low3,Low3,Wild,Low1,Low1,High2,Low1,Scatter,Low3,Low3,Low1,Low4,Low4,Scatter,Low2,Low2,Low2,Low2,Low1,Low1,Scatter,High3,Low2,Low3,Low3,Wild,Low1,High3,Low3,Low2,Low4,Bonus,Bonus,Low4,Low4,Low4,High3,Low1,Low1,Low1,High2,Low3,Low3,High1,Low2,Low2,High2,Low4,Bonus,Low1,Low1,Low1,Low3,Bonus,Bonus,Low3,Low1,Low1,Low1,Low1,Bonus,Low3,High2,Low3,Low3,Wild,Low1,Low1,Low2,Scatter,Low3,Low2,Low2,Low2,Bonus,Low4,Low4,Low2,Scatter,Low1,Low1,Low1,Low1,High2,High3,Low1,Wild,Low3,Low3,Low3,High3,Low1,Low1,Low2,Bonus,Low2,Low4,Low4,Low1,High3,Low4,Low1,Scatter,Low3,Low3,Low3,High1,Low2,Low2,High2,Low4,Wild,Low1,Low1,Low1,Bonus,Bonus,Low4,Low2,Low1,Low1,Low1,Wild,Low3,High2,Low3,Low3,Wild,Low1,Low1,High2,Low1,Scatter,Low3,Low3,Low1,Low4,Low4,Scatter,Low2,Low2,Low2,Low2,Low1,Low1,Scatter,High3,Low2,Low3,Low3,Wild,Low1,High3,Low3,Low2,Low4,Bonus,Bonus,Low4,Low4,Low4,High3,Low1,Low1,Low1,High2,Low3,Low3,High1,Low2,Low2,High2,Low4,Bonus,Low1,Low1,Low1,Low3,Bonus,Bonus,Low3,Low1,Low1,Low1,Low1,Bonus,Low3,High2,Low3,Low3,Wild,Low1,Low1,Low2,Scatter,Low3,Low2,Low2,Low2,Bonus,Low4,Low4,Low2,Scatter,Low1,Low1,Low1,Low1,High2,High3,Low1,Wild,Low3,Low3,Low3,High3,Low1,Low1,Low2,Bonus,Low2,Low4,Low4,Low1,High3,Low4,Low1,Scatter,Low3,Low3,Low3,High1,Low2,Low2,High2,Low4,Wild,Low1,Low1,Low1,Bonus,Bonus,Low4,Low2,Low1,Low1,Low1,Wild" />
	<Reel defaultPosition="1" symbols="Low2,High1,High1,High2,Wild,Low2,High2,High2,Low2,Bonus,Low2,High3,Low1,Scatter,Low2,Low2,Low2,Bonus,Bonus,High2,High1,Low3,Wild,High2,High2,Low2,Scatter,Low2,High2,High2,High2,Wild,High3,Low2,High2,High2,Low4,Scatter,Low2,Low2,Low2,High2,High2,Low1,Bonus,Bonus,Bonus,Low2,High1,Low2,Scatter,Low2,High1,High2,Wild,Low2,High3,High3,High3,Low2,Low2,Scatter,Low4,Low2,High1,High1,Low1,Bonus,Low2,Low2,High1,High1,High2,Wild,Low2,High2,High2,Low2,Bonus,Low2,High3,Low1,Scatter,Low2,Low2,Low2,Bonus,Bonus,High2,High1,Low3,Wild,High2,High2,Low2,Scatter,Low2,High2,High2,High2,Wild,High3,Low2,High2,High2,Low4,Scatter,Low2,Low2,Low2,High2,High2,Low1,Bonus,Bonus,Bonus,Low2,High1,Low2,Scatter,Low2,High1,High2,Wild,Low2,High3,High3,High3,Low2,Low2,Scatter,Low4,Low2,High1,High1,Low1,Bonus,Low2" />
	<Reel defaultPosition="1" symbols="Low2,High1,Low3,Low3,Low3,Wild,Low3,High3,Low4,Low4,Wild,Low1,Low1,Low1,Wild,Low3,Low2,Low2,Low2,Wild,Low4,Low3,Low3,Low3,Scatter,Low1,Low1,Low1,Low2,High2,Low3,Low3,Low3,Bonus,Bonus,Low3,Low3,High1,Low3,Low4,Wild,Low1,Low1,Low1,Wild,Low3,Low3,Low3,Low1,Low1,Wild,Low4,Low4,Low4,Low4,Scatter,Low3,Low3,Low3,Bonus,Bonus,Bonus,Low2,Low2,Low2,Wild,Low3,High3,Low1,Low2,Wild,Low3,Low1,Low2,Low2,Bonus,Low3,Low1,Low3,Wild,Low3,High3,Low4,Wild,Low3,High1,Low1,Low4,Wild,Low3,Low2,Low4,Wild,Low1,Low3,High2,Low3,Low3,Scatter,Low1,Low1,Low1,Wild,High2,Low2,Low2,Low3,Low3,Wild,Low3,Low3,High1,Bonus,Low1,Low4,Low3,Wild,Low1,Low3,Low3,Low3,Low4,Scatter,Low1,Low3,Low3,High3,Low4,Low2,Scatter,Low3,Low3,Low4,High3,Low3,Low4,Wild,Low2,Low3,Low4,Bonus,Low3,Low1,Low2,Wild,Low3,Low1,Low2" />
	<Reel defaultPosition="1" symbols="Low2,High1,Wild,High2,Low4,Low4,Wild,High2,High1,Low4,Wild,Low1,High3,High1,Wild,High3,High1,Low1,High3,Wild,Low3,Low1,Low3,Wild,Low3,Low2,Low3,Wild,Low2,Low2,Low4,Wild,Low2,High1,Low3,Wild,High1,Low1,Low1,High2,High1,Wild,High2,High2,High3,Wild,Low2,Low2,Low2,Wild,Low1,High2,Low3,High1,Wild,High3,Low4,Low4,Wild,Low1,Low1,Low3,Wild,High1,Low1,High2,Wild,Low1,High2,Low1,Wild,Low3,High3,Low4,Wild,High2,Low2,Low2,Low2,High3" />
</ReelSet>	
<ReelSet name="FreeSpinsBReelset2">	
	<Reel defaultPosition="1" symbols="Low1,Low1,High1,Low4,Low4,Low4,High1,Low2,High3,Low3,Low3,Low3,High3,Low4,Low4,Low4,High3,Low3,Low3,Wild,Low3,Low4,Low4,Low4,Low4,High3,Low3,Low4,High3,Low3,Low3,Wild,Low4,High1,Low4,Low4,High3,Low3,Low3,Low3,High1,Low3,Low4,Wild,Low3,Low3,Low3,High2,Low4,Low4,Low4,High3,Wild,Low3,Low4,Low4,High3,Low4,Low4,Wild,Low3,Low3,Low3" />
	<Reel defaultPosition="1" symbols="Low4,High2,Low4,Low4,Wild,Low2,Low2,High2,Low2,Scatter,Low4,Low4,Low2,Low3,Low3,Scatter,Low1,Low1,Low1,Low1,Low2,Low2,Scatter,High3,Low1,Low4,Low4,Low4,Wild,High3,Low4,Low1,Low3,Bonus,Bonus,Low3,Low3,Low3,High3,Low2,Low2,Scatter,High2,Low4,Low4,High1,Low1,Low1,Wild,Low3,Low4,Low2,Low2,Low2,Bonus,Bonus,Bonus,Low4,Low2,Low2,Low2,Low2,Bonus,Low4,High2,Low4,Low4,Low3,Low2,Low2,Low1,Scatter,Low4,Low1,Low1,Low1,Wild,Low3,Low3,Low1,Scatter,Low2,Low2,Low2,Low2,High2,High3,Low2,Low4,Low4,Low4,Low4,High3,Low2,Low1,Bonus,Bonus,Low1,Low3,Low3,Low2,High3,Low3,Low2,Scatter,Low4,Low4,Low4,High2,Low1,Low1,Low3,High2,Low4,Low2,Low2,Low2,Bonus,Bonus,Low4,Low1,Low3,Low3,Low3,Wild,Low1" />
	<Reel defaultPosition="1" symbols="Low1,High1,High1,High2,Wild,Low1,High2,High2,Low1,Bonus,Low1,High3,Low2,Scatter,Low1,Low1,Low1,Bonus,Bonus,High2,High1,Low4,High2,High2,High2,Low1,Scatter,Low1,High2,High2,High2,Low1,Low1,Low1,High2,High2,Low3,Scatter,Low1,Low1,Low1,High2,High2,Low2,Low1,Bonus,High3,Low1,High1,Low1,Scatter,Low1,High1,High2,High2,Low1,High3,High3,High3,Low1,Low1,Bonus,Low2,Low1,High1,High1,Low2,Low1" />
	<Reel defaultPosition="1" symbols="Low1,High1,Low4,Low4,Low4,Wild,Low4,High3,Low3,Low3,Wild,Low2,Low2,Low2,Wild,Low4,Low1,Low1,Low1,Wild,Low3,Low4,Low4,Low4,Scatter,Low2,Low2,Low1,Wild,High2,Low4,Low4,Low4,Bonus,Bonus,Low4,Low4,High1,Low4,Low3,Wild,Low2,Low2,Low2,Wild,Low4,Low4,Low4,Low2,Low2,Wild,Low4,Low4,Low3,Low3,Scatter,Low4,Low4,Low4,Bonus,Bonus,Low1,Low1,Low1,Low2,Wild,Low4,High3,Low2,Low1,Wild,Low4,Low2,Low1,Bonus,Low4,High1,Low2,Low4,Low4,Low4,High3,Low3,Wild,Low4,Low4,Low2,Low3,Wild,Low4,Low1,Low3,Wild,Low2,Low4,High2,Low4,Low4,Scatter,Low2,Low2,Low2,Low4,Bonus,Bonus,Low1,Low4,Low4,Wild,Low4,Low4,High1,Low2,Low4,Low3,Low4,Low2,Low2,High2,Low4,Low4,Scatter,Low3,Low2,Low4,Bonus,Low3,Low3,Low1,Scatter,Low4,Low4,Low3,High3,Low4,Low3,Low2,Low1,High3,Low3,Bonus,Low4,Low2,Low2,Wild,Low4,Low2,Low1" />
	<Reel defaultPosition="1" symbols="Low1,High1,Wild,High2,Low3,Low3,Wild,High2,High1,Low3,Wild,Low2,High3,High1,Wild,High3,High1,Low2,High3,Wild,Low4,Low2,Low4,Wild,Low4,Low1,Low4,Wild,Low1,Low1,Low3,Wild,Low1,High1,Low4,Wild,High1,Low2,Low2,High2,High1,Wild,High2,High2,High3,Wild,Low1,High3,Low1,Wild,Low2,High2,Low4,High1,Low3,High3,Low3,Low3,Wild,Low2,Low2,Low4,Wild,High1,Low2,High2,Wild,Low1,High2,Low2,Wild,Low4,High3,Low3,High2,Low1,High1,Wild,High2,Low3,Low3,Wild,High2,High1,Low3,Wild,Low2,High3,High1,Wild,High3,High1,Low2,High3,Wild,Low4,Low2,Low4,Wild,Low4,Low1,Low4,Wild,Low1,Low1,Low3,Wild,Low1,High1,Low4,Wild,High1,Low2,Low2,High2,High1,Wild,High2,High2,High3,Wild,Low1,High3,Low1,Wild,Low2,High2,Low4,High1,Low3,High3,Low3,Low3,Wild,Low2,Low2,Low4,Wild,High1,Low2,High2,Wild,Low1,High2,Low2,Wild,Low4,High3,Low3,High2" />
</ReelSet>	
<ReelSet name="FreeSpinsBReelset3">	
	<Reel defaultPosition="1" symbols="Low2,Low2,High1,Low3,Low3,Low3,High1,Low1,High3,Low4,Low4,Low4,High3,Low3,Low3,Low3,High3,Low4,Low4,Wild,Low4,Low3,Low3,Low3,Low3,High3,Low4,Low3,High3,Low4,Low4,Wild,Low3,High1,Low3,Low3,High3,Low4,Low4,Low4,High1,Low4,Low3,High3,Low4,Low4,Low4,High2,Low3,Low3,Low3,High3,Low4,Low4,Low3,Low3,High3,Low3,Low3,Low3,Low4,Low4,Low4" />
	<Reel defaultPosition="1" symbols="Low3,High2,Low3,Low3,Wild,Low1,Low1,High2,Low1,Scatter,Low3,Low3,Low1,Low4,Low4,Scatter,Low2,Low2,Low2,Low2,Low1,Low1,Scatter,High3,Low2,Low3,Low3,Low3,Low1,High3,Low3,Low2,Low4,Bonus,Bonus,Low4,Low4,Low4,High3,Low1,Low1,Scatter,High2,Low3,Low3,High1,Low2,Low2,High2,Low4,Low3,Low1,Low1,Low1,Bonus,Bonus,Bonus,Bonus,Low1,Low1,Low1,Low1,Low2,Low3,High2,Low3,Low3,Wild,Low1,Low1,Low2,Scatter,Low3,Low2,Low2,Low2,Low2,Low4,Low4,Low2,Scatter,Low1,Low1,Low1,Low1,High2,High3,Low1,Low3,Low3,Low3,Low3,High3,Low1,Low2,Low3,Bonus,Low2,Low4,Low4,Low1,High3,Low4,Low1,Scatter,Low3,Low3,Low3,High1,Low2,Low2,High2,Low4,Low3,Low1,Low1,Low1,Bonus,Bonus,Low4,Low2,Low1,Low1,Low1,Low1,Low2" />
	<Reel defaultPosition="1" symbols="Low2,High1,High1,High2,Wild,Low2,High2,High2,Low2,Low2,Low2,High3,Low1,Scatter,Low2,Low2,Low2,High3,Bonus,High2,High1,Low3,High2,High2,High2,Low2,Scatter,Low2,High2,High2,High2,Low2,Low2,Low2,High2,High2,Low4,Scatter,Low2,Low2,Low2,High2,High2,Bonus,Bonus,Bonus,Bonus,Low2,High1,Low2,Scatter,Low2,High1,High2,High2,Low2,High3,High3,High3,Low2,Low2,Bonus,Low4,Low2,High1,High1,Low1,Low2" />
	<Reel defaultPosition="1" symbols="Low2,High1,Low3,Low3,Low3,Wild,Low3,High3,Low4,Low4,Wild,Low1,Low1,Low1,Wild,Low3,Low2,Low2,Low2,Wild,Low4,Low3,Low3,Low3,Scatter,Low1,Low1,Low1,Low2,High2,Low3,Low3,Low3,Bonus,Bonus,Low3,Low3,High1,Low3,Low4,Wild,Low1,Low1,Low1,Wild,Low3,Low3,Low3,Low1,Low1,Wild,Low4,Low4,Low4,Low4,Scatter,Low3,Low3,Low3,Bonus,Bonus,Bonus,Bonus,Low2,Low2,Low3,Wild,Low1,High3,Low2,Low3,Wild,Low1,Low2,Low2,High1,Low3,Low1,Low3,Wild,Low3,High3,Low4,Wild,Low3,Low3,Low1,Low4,Wild,Low3,Low2,Low4,Wild,Low1,Low3,High2,Low3,Low3,Scatter,Low1,Low1,Low1,Low3,High2,Low2,Low2,Low3,Low3,Wild,Low3,Low3,High1,Low1,Low3,Low4,Wild,Low1,Low1,Low3,Low3,Low3,Low4,Scatter,Low1,Low3,Low3,Low4,Low4,Low2,Scatter,Low3,Low3,Low4,High3,Low3,Low4,Wild,Low2,Low3,Low4,High3,Low3,Low1,Low2,Wild,Low3,Low1,Low2" />
	<Reel defaultPosition="1" symbols="Low2,High1,Wild,High2,Low4,Low4,Wild,High2,High1,Low4,Wild,Low1,High3,High1,Wild,High3,High1,Low1,High3,Wild,Low3,Low1,Low3,Wild,Low3,Low2,Low3,Wild,Low2,Low2,Low4,Wild,Low2,High1,Low3,Wild,High1,Low1,Low1,High2,High1,Wild,High2,High2,High3,Wild,Low2,High3,Low2,Wild,Low1,High2,Low3,High1,Wild,High3,Low4,Low4,Wild,Low1,Low1,Low3,Wild,High1,Low1,High2,Wild,Low1,High2,Low1,Wild,Low3,High3,Low4,Wild,High2" />
</ReelSet>	
<ReelSet name="FreeSpinsBReelset4">	
	<Reel defaultPosition="1" symbols="Low3,Low3,High2,Low4,Low2,Low2,High1,Low3,High2,Low4,Low4,Low4,High3,Low3,Low3,Low3,High3,Low1,Low1,Wild,Low4,Low3,Low3,Low3,Low3,High3,Low3,Low3,High3,Low4,Low4,Wild,Low1,High1,Low3,Low3,High3,Low4,Low4,High3,High1,Low4,High3,High3,High3,Low4,High1,Low4,Low3,Low3,Low3,High1,Low4,Low4,Low3,Low3,High3,Low3,Low4,Low4,Low4,Low4,Low3" />
	<Reel defaultPosition="1" symbols="Low3,High1,Low1,Low1,Scatter,Low3,Low3,Low3,High2,Low1,Low1,Respin,Low2,Low2,Low2,Respin,Low2,Low2,Low4,Respin,Low3,Low3,Low3,Scatter,High3,Low2,Low2,Respin,Low1,High3,Low1,Low1,Respin,Low1,Low2,Low3,Low3,Low2,High3,Respin,Low3,Low3,High2,Low1,Low3,Respin,Low2,Low2,High2,Low4,Respin,Low1,Low1,Low1,Respin,Low4,Low1,Low1,Respin,Low1,Low1,Low1,Respin,Low2,High2,Low3,Low3,Wild,Low1,Low1,Low1,High2,Low3,Low3,Respin,Low4,Low2,Low2,Respin,Low2,Low2,Low2,Respin,Low3,Low3,Low3,Low3,Low2,Scatter,Low1,Low1,Low1,High3,Low2,Low2,Respin,Respin,Low3,Low4,Low4,Scatter,Low2,Low1,Low1,Wild,High2,Low3,Low3,Respin,Low2,Low2,Low2,Low2,High2,Low1,Low1,Low1,Low1,Respin,Respin,Low3,Low3,Low1,Scatter,Low1,Low2" />
	<Reel defaultPosition="1" symbols="Low2,High1,High1,High2,Low3,Low1,High3,Scatter,High3,Low4,High3,High2,Wild,Low2,Low2,Low2,Respin,Respin,Low1,High2,High1,Respin,High2,High2,High2,Low2,Respin,Low2,High2,High3,Low4,High2,Respin,Low2,High1,High2,Low4,Respin,Low2,Low2,Low2,Scatter,High2,Low1,Low1,Respin,Low2,Low2,High1,Low4,Respin,Low3,High1,High2,Respin,High3,High3,High3,Respin,Low2,Low2,Low2,Respin,Low2,High2,High2,Respin,Low2,High1,High1,Respin,High2,Low2,Low1,High3,High3,High3,Low4,Low4,High2,High2,Low2,Low2,Low2,Wild,Low2,High2,High1,Respin,High2,High2,High2,Low2,Low1,Low2,High2,High2,High2,Low4,Respin,Low2,High1,High2,Low4,Scatter,Low2,Low2,High2,High2,Low2,Low1,Respin,Respin,Low2,Low2,High1,Low4,Scatter,Low2,High1,High2,High2,Scatter,High3,High3,High3,High3,Low2,Low3,Respin,Respin,Low2,Low2,Low2" />
	<Reel defaultPosition="1" symbols="Low2,Scatter,Low3,Low1,Low3,Wild,Low3,High3,Low4,Respin,Low3,Low1,Low4,Wild,Low2,Low3,Low2,Respin,Low4,Low1,Low3,Scatter,Low3,High2,Low3,Respin,Low1,Low1,Low1,Respin,Low3,Low4,Low2,Wild,Low3,Low3,Low3,Wild,High1,Low1,Low3,Low2,Low3,Low1,Low1,Wild,Low3,Low3,Low4,Wild,High3,Low3,Low4,Low2,Low2,Low1,Low3,Respin,Respin,Low3,Low4,Low4,Scatter,Low2,Low2,Low4,Respin,High3,Low3,Low1,Low2,Respin,Low1,Low2,Low2,Wild,Low3,Low1,Low3,Wild,Low3,High3,Low4,Low2,Respin,Low3,Low1,Low4,Wild,Low3,Low2,Low4,Low3,Low1,Low3,High2,Low3,Low3,Respin,Low1,Low1,Low1,Low3,Respin,Respin,Low2,Low3,Low3,Wild,Low3,Low3,High1,Low1,Low3,Respin,Low3,Low1,Low1,Wild,Low3,Low3,Low4,Scatter,Low1,High3,Low3,Low1,Low4,Low2,Low1,Scatter,Low3,Low4,Low1,Respin,Low4,Low2,Low2,Wild,Low4,High3,Low3,Low1,Low2,Wild,Low3,Low1,Low2" />
	<Reel defaultPosition="1" symbols="Low2,High1,Wild,High2,Low4,Low4,Wild,High2,High1,Low4,Wild,Low3,High3,High1,Wild,High3,High1,Low1,Wild,High3,Low3,Low1,Wild,Low3,Low3,Low2,Wild,Low3,Low2,Low4,Wild,Low2,Low2,High1,Wild,Low3,High1,Low1,Wild,High2,High1,Low2,High2,High2,High3,Wild,Low2,High3,Low2,Wild,Low1,High2,Low3,Wild,Low1,High3,Low4,Wild,Low4,Low2,Low1,Wild,Low2,High1,Low4,High2,Wild,Low3,High1,Low1,Wild,Low3,High3,Low4,Wild,High2" />
</ReelSet>	
<ReelSet name="FreeSpinsBReelset5">	
	<Reel defaultPosition="1" symbols="Low3,Low3,High2,Low4,Low2,Low2,High1,Low3,High2,Low4,Low4,Low4,High3,Low3,Low3,Low3,High3,Low1,Low1,Wild,Low4,Low3,Low3,Low3,Low3,High3,Low3,Low3,High3,Low4,Low4,High3,Low1,High1,Low3,Low3,High3,Low4,Low4,High3,High1,Low4,High3,High3,High3,Low4,High1,Low4,Low3,Low3,Low3,High1,Low4,Low4,Low3,Low3,High3,Low3,Low4,Low4,Low4,Low4,Low3" />
	<Reel defaultPosition="1" symbols="Low3,High1,Low1,Scatter,Low3,Low3,Low3,Low1,High2,Low1,Low1,Respin,Low2,Low2,Low2,Respin,Low2,Low2,Low4,Scatter,Low3,Low3,Low3,High3,Scatter,Low2,Low2,Low1,Wild,High3,Low1,Low1,Respin,Respin,Low2,Low3,Low3,Low2,High3,Respin,Low3,Low3,High2,Low1,Low3,Respin,Low2,Low2,High2,Low4,Respin,Low1,Low1,Low1,Respin,Low4,Low1,Low1,Respin,Low1,Low1,Low1,Respin,Low2,High2,Low3,Low3,Wild,Low1,Low1,Low1,High2,Low3,Low3,Respin,Low4,Low2,Low2,Respin,Low2,Low2,Low2,Respin,Low3,Low3,Low3,Low3,Respin,Low1,Low1,Low1,Low1,High3,Low2,Low2,Respin,Respin,Low3,Low4,Low4,Scatter,Low2,Low1,Low1,High2,High2,Low3,Scatter,Low2,Low2,Low2,Low2,Respin,Respin,Low1,Low1,Low1,Scatter,Low2,Low3,Low3,Low1,Respin,Low1,Low1,Low2" />
	<Reel defaultPosition="1" symbols="Low2,High1,High1,High2,Low3,Low1,High3,Scatter,High3,Low4,High3,High2,Wild,Low2,Low2,Low2,Respin,Respin,Low1,High2,High1,Respin,High2,High2,High2,Low2,Respin,Low2,High2,High3,Low4,High2,Respin,Low2,High1,High2,Low4,Respin,Low2,Low2,Low2,High2,High2,Low1,Low1,Respin,Low2,Low2,High1,Low4,Respin,Low3,High1,High2,Respin,High3,High3,High3,Respin,Low2,Low2,Low2,Respin,Low2,High2,High2,Respin,Low2,High1,High1,Low1,High2,Low1,Low1,High3,High3,High3,Scatter,Low4,High2,High2,Low2,Low2,Low2,Wild,Low2,High2,High1,Respin,High2,High2,High2,Low2,Respin,Low2,High2,High2,High2,Low4,Respin,Low2,High1,High2,Low4,Scatter,Low2,Low2,High2,High2,Low2,Low1,Respin,Respin,Low2,Low2,High1,Low4,Scatter,Low2,High1,High2,High2,Scatter,High3,High3,High3,Low2,Low2,Low3,High3,Respin,Low2,Low2,Low2" />
	<Reel defaultPosition="1" symbols="Low2,High1,Low3,Low1,Low3,Wild,Low3,High3,Low4,Low2,Respin,Low3,Low1,Low4,Wild,Low3,Low2,Low4,Respin,Low1,Low3,High2,Low3,Low3,Respin,Low1,Low1,Low1,Respin,Low3,Low4,Low2,Wild,Low3,Low3,Low3,Wild,High1,Low1,Low3,Respin,Low3,Low1,Low1,Wild,Low3,Low3,Low4,Wild,Low1,High3,Low3,Low4,Respin,Low2,Low1,Low3,Low3,Low4,Respin,Respin,Low4,Low2,Low2,Low4,Low4,High3,Low3,Low1,Low2,Respin,Low3,Low1,Low2,Low2,Wild,Low3,Low1,Low3,Wild,Low3,High3,Low4,Low2,Respin,Low3,Low1,Low4,Wild,Low3,Low2,Low4,Respin,Low1,Low3,High2,Low3,Low3,Scatter,Low1,Low1,Low1,Respin,Respin,Low4,Low2,Low3,Low3,Wild,Low3,Low3,High1,Low1,Low3,Respin,Low3,Low1,Low1,Wild,Low3,Low3,Low4,Scatter,Low1,High3,Low3,Respin,Low4,Low2,Low1,Wild,Low3,Low4,Low1,Scatter,Low4,Low2,Low2,Wild,Low4,High3,Low3,Low1,Scatter,Low3,Low3,Low1,Low2" />
	<Reel defaultPosition="1" symbols="Low2,High1,Wild,High2,Low4,Low4,Wild,High2,High1,Low4,Wild,Low3,High3,High1,Wild,High3,High1,Low1,Wild,High3,Low3,Low1,Wild,Low3,Low3,Low2,Wild,Low3,Low2,Low4,Wild,Low2,Low2,High1,Wild,Low3,High1,Low1,Wild,High2,High1,Low2,High2,High2,High3,Wild,Low2,High3,Low2,Wild,Low1,High2,Low3,Wild,Low1,High3,Low4,Wild,Low4,Low1,Low1,Wild,Low2,High1,Low4,High2,Wild,Low3,High1,Low1,Wild,Low3,High3,Low4,Wild,High2" />
</ReelSet>	
<ReelSet name="FreeSpinsBReelset6">	
	<Reel defaultPosition="1" symbols="Low3,Low3,High2,Low4,Low2,Low2,High1,Low3,High2,Low4,Low4,Low4,High3,Low3,Low3,Low3,High3,Low1,Low1,Wild,Low4,Low3,Low3,Low3,Low3,High3,Low3,Low3,High3,Low4,Low4,Wild,Low1,High1,Low3,Low3,High3,Low4,Low4,High3,High1,Low4,High3,High3,High3,Low4,High1,Low4,Low3,Low3,Low3,High1,Low4,Low4,Low3,Low3,High3,Low3,Low4,Low4,Low4,Low4,Low3" />
	<Reel defaultPosition="1" symbols="Low3,High1,Low1,Low1,Low3,Low3,Low3,Low3,High2,Low1,Low1,Respin,Low2,Low2,Low2,Respin,Low2,Low2,Low4,Respin,Low3,Low3,Low3,Scatter,High3,Low2,Low2,Respin,Low1,High3,Low1,Low1,Respin,Low1,Low2,Low3,Low3,Low2,High3,Respin,Low3,Low3,High2,Low1,Low3,Respin,Low2,Low2,High2,Low4,Respin,Low1,Low1,Low1,Respin,Low4,Low1,Low1,Respin,Low1,Low1,Low1,Respin,Low2,High2,Low3,Low3,Wild,Low1,Low1,Low1,High2,Low3,Low3,Respin,Low4,Low2,Low2,Respin,Low2,Low2,Low2,Respin,Low3,Low3,Low3,Low3,Wild,Low1,Low1,Low1,Low1,High3,Low2,Low2,Respin,Respin,Respin,Respin,Low4,Low1,Low2,Low1,Low1,High2,High2,Low3,Low3,Respin,Low2,Low2,Low2,Low2,Respin,Low1,Low1,Low1,Low1,Respin,Low3,Low3,Low1,Respin,Low1,Low1,Low2" />
	<Reel defaultPosition="1" symbols="Low2,High1,High1,High2,Low3,Low1,High3,Scatter,High3,Low4,High3,High2,Wild,Low2,Low2,Low2,Respin,Respin,Low1,High2,High1,Respin,High2,High2,High2,Low2,Respin,Low2,High2,High3,Low4,High2,Respin,Low2,High1,High2,Low4,Respin,Low2,Low2,Low2,High2,High2,Low1,Low1,Respin,Low2,Low2,High1,Low4,Respin,Low3,High1,High2,Respin,High3,High3,High3,Respin,Low2,Low2,Low2,Respin,Low2,High2,High2,Respin,Low2,High1,High1,Respin,High2,Low1,Low1,High3,High3,High3,Low4,Low4,High2,High2,Low2,Low2,Low2,Wild,Low2,High2,High1,Respin,High2,High2,High2,Low2,Respin,Low2,High2,High2,High2,Low4,Respin,Low2,High1,High2,Low4,Low2,Low2,Low2,High2,High2,Low2,Low1,Low1,Respin,Low2,Low2,High1,Low4,Low2,Low2,High1,High2,High2,Low2,High3,High3,High3,Low2,Respin,Respin,Respin,Respin,Low2,Low2,Low2" />
	<Reel defaultPosition="1" symbols="Low2,High1,Low3,Low1,Low3,Wild,Low3,High3,Low4,Low2,Respin,Low3,Low1,Low4,Wild,Low3,Low2,Low4,Respin,Low1,Low3,High2,Low3,Low3,Respin,Low1,Low1,Low1,Respin,Low3,Low4,Low2,Wild,Low3,Low3,Low3,Wild,High1,Low1,Low3,Respin,Low3,Low1,Low1,Wild,Low3,Low3,Low4,Wild,Low1,High3,Low3,Low4,Respin,Low2,Low1,Low3,Low3,Low4,Respin,Respin,Respin,Respin,Low2,Low2,Low4,High3,Low3,Low1,Low2,Respin,Low3,Low1,Low2,Low2,Wild,Low3,Low1,Low3,Wild,Low3,High3,Low4,Low2,Respin,Low3,Low1,Low4,Wild,Low3,Low2,Low4,Respin,Low1,Low3,High2,Low3,Low3,Respin,Low1,Low1,Low1,Low3,Respin,Low4,Low2,Low3,Low3,Wild,Low3,Low3,High1,Low1,Low3,Respin,Low3,Low1,Low1,Wild,Low3,Low3,Low4,Scatter,Low1,High3,Low3,Respin,Low4,Low2,Low1,Wild,Low3,Low4,Low1,Respin,Low4,Low2,Low2,Wild,Low4,High3,Low3,Low1,Low2,Low3,Low3,Low1,Low2" />
	<Reel defaultPosition="1" symbols="Low2,High1,Wild,High2,Low4,Low4,Wild,High2,High1,Low4,Wild,Low3,High3,High1,Wild,High3,High1,Low1,Wild,High3,Low3,Low1,Wild,Low3,Low3,Low2,Wild,Low3,Low2,Low4,Wild,Low2,Low2,High1,Wild,Low3,High1,Low1,Wild,High2,High1,Low2,High2,High2,High3,Wild,Low2,High3,Low2,Wild,Low1,High2,Low3,Wild,Low1,High3,Low4,Wild,Low4,Low1,Low1,Wild,Low2,High1,Low4,High2,Wild,Low3,High1,Low1,Wild,Low3,High3,Low4,Wild,High2" />
</ReelSet>	
	
<ReelSet name="FreeSpinsCReelset1">	
	<Reel defaultPosition="1" symbols="Low3,Low3,High2,Low4,Low2,Wild,High1,Low3,High2,Low4,Low4,Low4,High3,Low3,Low3,Low3,High3,Low1,Low1,Wild,Low4,Low3,Low3,Low3,Wild,High3,Low3,Low3,High3,Low4,Low4,Wild,Low1,High1,Low3,Low3,High3,Low4,Low4,High3,Wild,Low4,High3,High3,High3,Low4,High1,Low4,Low3,Low3,Low3,High1,Low4,Wild,Low3,Low3,High3,Low3,Low4,Low4,Low4,Wild,Low4,Low3" />
	<Reel defaultPosition="1" symbols="Low3,High1,Low1,Scatter,Low1,Low3,Low3,Respin,High2,Low1,Low1,Scatter,Low2,Low2,Low2,Respin,Low2,Low2,Low4,Respin,Low3,Low3,Low3,Scatter,High3,Low2,Low2,Respin,Low1,High3,Low1,Respin,Low1,Low1,Low2,Scatter,Low3,Low2,High3,Respin,Low3,Low3,High2,Low1,Low3,Respin,Low2,Low2,High2,Low4,Respin,Low1,Low1,Low1,Respin,Low4,Low1,Low1,Respin,Low1,Low1,Low1,Respin,Low2,High2,Low3,Low3,Wild,Low1,Low1,Low1,High2,Low3,Low3,Respin,Low4,Low2,Low3,Wild,Low2,Low2,Low2,Respin,Respin,Low3,Low3,Low3,Low2,Scatter,Low1,Low1,Low1,High3,Low2,Low2,Respin,Respin,Low3,Low4,Low4,Scatter,Low2,Low1,Low1,Wild,High2,Low3,Low3,Respin,Low2,Low2,Low2,Wild,High2,Low1,Low1,Low1,Low1,Respin,Respin,Low3,High1,Low1,Scatter,Low1,Low3,Low3,Respin,High2,Low1,Low1,Scatter,Low2,Low2,Low2,Respin,Low2,Low2,Low4,Respin,Low3,Low3,Low3,Scatter,High3,Low2,Low2,Respin,Low1,High3,Low1,Respin,Low1,Low1,Low2,Scatter,Low3,Low2,High3,Respin,Low3,Low3,High2,Low1,Low3,Respin,Low2,Low2,High2,Low4,Respin,Low1,Low1,Low1,Respin,Low4,Low1,Low1,Respin,Low1,Low1,Low1,Respin,Low2,High2,Low3,Low3,Wild,Low1,Low1,Low1,High2,Low3,Low3,Respin,Low4,Low2,Low3,Wild,Low2,Low2,Low2,Respin,Respin,Low3,Low3,Low3,Low2,Scatter,Low1,Low1,Low1,High3,Low2,Low2,Respin,Respin,Low3,Low4,Low4,Scatter,Low2,Low1,Low1,Wild,High2,Low3,Low3,Respin,Low2,Low2,Low2,Wild,High2,Low1,Low1,Low1,Low1,Respin,Respin" />
	<Reel defaultPosition="1" symbols="Low2,High1,High1,High2,Low3,Low1,High3,Scatter,High3,Low4,High3,High2,Wild,Low2,Low2,Low2,Respin,Respin,Low1,High2,High1,Respin,High2,High2,High2,Low2,Respin,Low2,High2,High3,Low4,High2,Respin,Low2,High1,High2,Low4,Respin,Low2,Low2,Low2,Scatter,High2,Low1,Low1,Respin,Low2,Low2,High1,Low4,Respin,Low3,High1,High2,Respin,High3,High3,High3,Respin,Low2,Low2,Low2,Respin,Low2,High2,High2,Respin,Low2,High1,High1,Respin,High2,Low1,Low1,High3,High3,Scatter,Low4,High3,High2,Wild,Low2,Low2,Low2,Scatter,Low2,High2,High1,Respin,High2,High2,High2,Low2,Low1,Low2,Wild,High2,High2,Low4,Respin,Low2,High1,High2,Low4,Scatter,Low2,Low2,High2,High2,Low2,Low1,Respin,Respin,Low2,Low2,High1,Low4,Scatter,Low2,High1,High2,High2,Scatter,High3,High3,High3,High3,Low2,Low3,Respin,Respin,Low2,Low2,Low2,Low2,Low2" />
	<Reel defaultPosition="1" symbols="Low2,Scatter,Low3,Low1,Low3,Wild,Low3,High3,Low4,Respin,Low3,Low1,Low4,Wild,Low2,Low3,Low2,Respin,Low4,Low1,Low3,Scatter,Low3,High2,Low3,Respin,Low1,Low1,Low1,Respin,Low3,Low4,Low2,Wild,Low3,Low3,Low3,Wild,High1,Low1,Low3,Respin,Low3,Low1,Low1,Wild,Low3,Low3,Low4,Wild,High3,Low3,Low4,Respin,Low2,Low1,Low3,Respin,Respin,Low3,Low4,Low4,Scatter,Low2,Low2,Low4,Respin,High3,Low3,Low1,Low2,Respin,Low1,Low2,Low2,Wild,Low3,Low1,Low3,Wild,Low3,High3,Low4,Low2,Respin,Low3,Low1,Low4,Wild,Low3,Low2,Low4,Respin,Low1,Low3,High2,Low3,Low3,Respin,Low1,Low1,Low1,Low3,Respin,Respin,Low2,Low3,Low3,Wild,Low3,Low3,High1,Low1,Low3,Respin,Low3,Low1,Low1,Wild,Low3,Low3,Low4,Scatter,Low1,High3,Low3,Respin,Low4,Low2,Low1,Scatter,Low3,Low4,Low1,Respin,Low4,Low2,Low2,Wild,Low4,High3,Low3,Low1,Low2,Wild,Low3,Low1,Low2" />
	<Reel defaultPosition="1" symbols="Low2,High1,Wild,High2,Low4,Low4,Wild,High2,High1,Low4,Wild,Low3,High3,High1,Low3,High3,High1,Low1,Wild,High3,Low3,Low1,Wild,Low3,Low3,Low2,Wild,Low3,Low2,Low4,Wild,Low2,Low2,High1,Wild,Low3,High1,Low1,Wild,High2,High1,Low2,Low1,High2,High3,Wild,Low2,High3,Low2,Wild,Low1,High2,Low3,Wild,Low1,High3,Low4,Wild,Low4,Low1,Low1,Low2,Low2,High1,Low4,High2,High3,Low3,High1,Low1,Wild,Low3,High3,Low4,Wild,High2,High3,Low2,Low2,High3" />
</ReelSet>	
<ReelSet name="FreeSpinsCReelset2">	
	<Reel defaultPosition="1" symbols="Low3,Low3,High2,Low4,Low2,Low2,High1,Low3,High2,Low4,Low4,Low4,High3,Low3,Low3,Low3,High3,Low1,Low1,Wild,Low4,Low3,Low3,Low3,Low3,High3,Low3,Low3,High3,Low4,Low4,High3,Low1,High1,Low3,Low3,High3,Low4,Low4,High3,High1,Low4,High3,High3,High3,Low4,High1,Low4,Low3,Low3,Low3,High1,Low4,Low4,Low3,Low3,High3,Low3,Low4,Low4,Low4,Low4,Low3" />
	<Reel defaultPosition="1" symbols="Low3,High1,Low1,Scatter,Low3,Low3,Low3,Low1,High2,Low1,Low1,Respin,Low2,Low2,Low2,Respin,Low2,Low2,Low4,Scatter,Low3,Low3,Low3,High3,Scatter,Low2,Low2,Low1,Wild,High3,Low1,Low1,Respin,Respin,Low2,Low3,Low3,Low2,High3,Respin,Low3,Low3,High2,Low1,Low3,Respin,Low2,Low2,High2,Low4,Respin,Low1,Low1,Low1,Respin,Low4,Low1,Low1,Respin,Low1,Low1,Low1,Respin,Low2,High2,Low3,Low3,Wild,Low1,Low1,Low1,High2,Low3,Low3,Respin,Low4,Low2,Low2,Respin,Low2,Low2,Low2,Respin,Low3,Low3,Low3,Low3,Respin,Low1,Low1,Low1,Scatter,High3,Low2,Low2,Respin,Respin,Low3,Low4,Low4,Scatter,Low2,Low1,Low1,High2,High2,Low3,Scatter,Low2,Low2,Low2,Low2,Respin,Respin,Low1,Low1,Low1,Scatter,Low2,Low3,Low3,Low1,Respin,Low1,Low1,Low2" />
	<Reel defaultPosition="1" symbols="Low2,High1,High1,High2,Low3,Low1,High3,Scatter,High3,Low4,High3,High2,Wild,Low2,Low2,Low2,Respin,Respin,Low1,High2,High1,Respin,High2,High2,High2,Low2,Respin,Low2,High2,High3,Low4,High2,Respin,Low2,High1,High2,Low4,Respin,Low2,Low2,Low2,Scatter,High2,Low1,Low1,Respin,Low2,Low2,High1,Low4,Respin,Low3,High1,High2,Respin,High3,High3,High3,Respin,Low2,Low2,Low2,Respin,Low2,High2,High2,Respin,Low2,High1,High1,Low1,Wild,Low2,Low1,High3,High3,High3,Scatter,Low4,High2,High2,Low2,Low2,Low1,Wild,Low2,High2,High1,Respin,High2,High2,High2,Low2,Respin,Low2,High2,High2,High2,Low4,Respin,Low2,High1,High2,Low4,Scatter,Low2,Low2,High2,High2,Low2,Low1,Respin,Respin,Low2,Low2,High1,Low4,Scatter,Low2,High1,High2,High2,Scatter,High3,High3,High3,Low2,Low2,Low3,High3,Respin,Low2,Low2,Low2" />
	<Reel defaultPosition="1" symbols="Low2,High1,Low3,Low1,Low3,Wild,Low3,High3,Low4,Low2,Respin,Low3,Low1,Low4,Wild,Low3,Low2,Low4,Respin,Low1,Low3,High2,Low3,Low3,Respin,Low1,Low1,Low1,Respin,Low3,Low4,Low2,Wild,Low3,Low3,Low3,Wild,High1,Low1,Low3,Respin,Low3,Low1,Low1,Wild,Low3,Low3,Low4,Wild,Low1,High3,Low3,Low4,Respin,Low2,Low1,Low3,Low3,Low4,Respin,Respin,Low4,Low2,Low2,Scatter,Low4,High3,Low3,Low1,Low2,Respin,Low3,Low1,Low2,Low2,Low2,Low3,Low1,Low3,Wild,Low3,High3,Low4,Low2,Respin,Low3,Low1,Low4,Wild,Low3,Low2,Low4,Respin,Low1,Low3,High2,Low3,Low3,Scatter,Low1,Low1,Low1,Respin,Respin,Low4,Low2,Low3,Low3,Wild,Low3,Low3,High1,Low1,Low3,Respin,Low3,Low1,Low1,Wild,Low3,Low3,Low4,Scatter,Low1,High3,Low3,Respin,Low4,Low2,Low1,Wild,Low3,Low4,Low1,Scatter,Low4,Low2,Low2,Wild,Low4,High3,Low3,Low1,Scatter,Low3,Low3,Low1,Low2" />
	<Reel defaultPosition="1" symbols="Low2,High1,Wild,High2,Low4,Low4,Wild,High2,High1,Low4,Wild,Low3,High3,High1,Wild,High3,High1,Low1,Wild,High3,Low3,Low1,Wild,Low3,Low3,Low2,Wild,Low3,Low2,Low4,Wild,Low2,Low2,High1,Wild,Low3,High1,Low1,Wild,High2,High1,Low2,High2,High2,High3,Wild,Low2,High3,Low2,Wild,Low1,High2,Low3,Wild,Low1,High3,Low4,Wild,Low4,Low1,Low1,Wild,Low2,High1,Low4,High2,High3,Low3,High1,Low1,Low2,Low3,High3,Low4,Wild,High2" />
</ReelSet>	
<ReelSet name="FreeSpinsCReelset3">	
	<Reel defaultPosition="1" symbols="Low3,Low3,High2,Low4,Low2,Low2,High1,Low3,High2,Low4,Low4,Low4,High3,Low3,Low3,Low3,High3,Low1,Low1,Wild,Low4,Low3,Low3,Low3,Low3,High3,Low3,Low3,High3,Low4,Low4,Wild,Low1,High1,Low3,Low3,High3,Low4,Low4,High3,High1,Low4,High3,High3,High3,Low4,High1,Low4,Wild,Low3,Low3,High1,Low4,Low4,Low3,Low3,High3,Low3,Low4,Low4,Low4,Low4,Low3" />
	<Reel defaultPosition="1" symbols="Low3,High1,Low1,Low1,Low3,Low3,Low3,Low3,High2,Low1,Low1,Respin,Low2,Low2,Low2,Respin,Low2,Low2,Low4,Respin,Low3,Low3,Low3,Scatter,High3,Low2,Low2,Respin,Low1,High3,Low1,Low1,Respin,Low1,Low2,Low3,Scatter,Low2,High3,Low3,Respin,Low3,High2,Low1,Low3,Respin,Low2,Low2,High2,Low4,Respin,Low1,Low1,Low1,Respin,Low4,Low1,Low1,Respin,Low1,Low1,Low1,Respin,Low2,High2,Low3,Low3,Wild,Low1,Low1,Low1,High2,Low3,Low3,Respin,Low4,Low2,Low2,Respin,Low2,Low2,Low2,Respin,Low3,Low3,Low3,Low3,Wild,Low1,Low1,Low1,Scatter,High3,Low2,Low2,Respin,Respin,Respin,Respin,Low4,Low1,Low2,Scatter,Low1,High2,High2,Low3,Low3,Respin,Low2,Low2,Low2,Low2,Respin,Low1,Low1,Low1,Low1,Respin,Low3,Low3,Low1,Respin,Low1,Low1,Low2" />
	<Reel defaultPosition="1" symbols="Low2,High1,High1,High2,Low3,Low1,High3,Scatter,High3,Low4,High3,High2,Wild,Low2,Low2,Low2,Respin,Respin,Low1,High2,High1,Respin,High2,High2,High2,Low2,Respin,Low2,High2,High3,Low4,High2,Respin,Low2,High1,High2,Low4,Respin,Low2,Low2,Low2,High2,High2,Low1,Low1,Respin,Low2,Low2,High1,Low4,Respin,Low3,High1,High2,Respin,High3,High3,High3,Respin,Low2,Low2,Low2,Respin,Low2,High2,High2,Respin,Low2,High1,High1,Respin,High2,Low1,Low1,High3,High3,High3,Scatter,Low4,High2,High2,Low2,Low2,Low2,Wild,Low2,High2,High1,Respin,High2,High2,High2,Low2,Respin,Low2,High2,High2,High2,Low4,Respin,Low2,High1,High2,Low4,Scatter,Low2,Low2,High2,High2,Low2,Low1,Low1,Respin,Low2,Low2,High1,Low4,Low2,Low2,High1,High2,High2,Low2,High3,High3,High3,Low2,Respin,Respin,Respin,Respin,Low2,Low2,Low2" />
	<Reel defaultPosition="1" symbols="Low2,High1,Low3,Low1,Low3,Wild,Low3,High3,Low4,Low2,Respin,Low3,Low1,Low4,Wild,Low3,Low2,Low4,Respin,Low1,Low3,High2,Low3,Low3,Respin,Low1,Low1,Low1,Respin,Low3,Low4,Low2,Wild,Low3,Low3,Low3,Wild,High1,Low1,Low3,Respin,Low3,Low1,Low1,Wild,Low3,Low3,Low4,Wild,Low1,High3,Low3,Low4,Respin,Low2,Low1,Low3,Low3,Low4,Respin,Respin,Respin,Respin,Low2,Low2,Low4,High3,Low3,Low1,Low2,Respin,Low3,Low1,Low2,Low2,Wild,Low3,Low1,Low3,Wild,Low3,High3,Low4,Low2,Respin,Low3,Low1,Low4,Wild,Low3,Low2,Low4,Respin,Low1,Low3,High2,Low3,Low3,Respin,Low1,Low1,Low1,Low3,Respin,Low4,Low2,Low3,Low3,Wild,Low3,Low3,High1,Low1,Low3,Respin,Low3,Low1,Low1,Wild,Low3,Low3,Low4,Scatter,Low1,High3,Low3,Respin,Low4,Low2,Low1,Wild,Low3,Low4,Low1,Respin,Low4,Low2,Low2,Wild,Low4,High3,Low3,Low1,Scatter,Low3,Low3,Low1,Low2" />
	<Reel defaultPosition="1" symbols="Low2,High1,Wild,High2,Low4,Low4,Wild,High2,High1,Low4,Wild,Low3,High3,High1,Wild,High3,High1,Low1,Wild,High3,Low3,Low1,Wild,Low3,Low3,Low2,Wild,Low3,Low2,Low4,Wild,Low2,Low2,High1,Wild,Low3,High1,Low1,Low2,High2,High1,Low2,High2,High2,High3,Wild,Low2,High3,Low2,Wild,Low1,High2,Low3,Wild,Low1,High3,Low4,Wild,Low4,Low1,Low1,Wild,Low2,High1,Low4,High2,Wild,Low3,High1,Low1,Wild,Low3,High3,Low4,Wild,High2" />
</ReelSet>	
	
<ReelSet name="ShurikenReelset1">	
	<Reel defaultPosition="1" symbols="Blank,Blank,Blank,Blank,Blank,Blank,Blank,Blank,Blank,Blank,Blank,Blank,Blank,Blank,Blank,Blank,Blank,Blank,Blank,Blank,Blank,Blank,Blank,Blank,Blank,Blank,Blank,Blank,Blank,Blank,Blank,Blank,Blank,Blank,Blank,Blank,Blank,Blank,Blank,Respin,Respin,Respin,Respin,Respin,Respin,Respin,Respin,Respin,Respin,Respin" />
</ReelSet>	
<ReelSet name="ShurikenReelset2">	
	<Reel defaultPosition="1" symbols="Blank,Blank,Blank,Blank,Blank,Blank,Blank,Blank,Blank,Blank,Blank,Blank,Blank,Blank,Blank,Blank,Blank,Blank,Blank,Blank,Blank,Blank,Blank,Blank,Blank,Blank,Blank,Blank,Blank,Blank,Blank,Blank,Blank,Blank,Blank,Blank,Blank,Blank,Blank,Blank,Blank,Blank,Blank,Blank,Blank,Blank,Blank,Blank,Blank,Blank,Blank,Blank,Blank,Blank,Blank,Blank,Blank,Blank,Blank,Blank,Blank,Blank,Blank,Blank,Blank,Blank,Blank,Blank,Blank,Blank,Blank,Blank,Blank,Blank,Blank,Blank,Blank,Blank,Blank,Respin,Respin,Respin,Respin,Respin,Respin,Respin,Respin,Respin,Respin,Respin,Respin,Respin,Respin,Respin,Respin,Respin,Respin,Respin,Respin,Respin" />
</ReelSet>	
<ReelSet name="ShurikenReelset3">	
	<Reel defaultPosition="1" symbols="Blank,Blank,Blank,Blank,Blank,Blank,Blank,Blank,Blank,Blank,Blank,Blank,Blank,Blank,Blank,Blank,Blank,Blank,Blank,Blank,Blank,Blank,Blank,Blank,Blank,Blank,Blank,Blank,Blank,Blank,Blank,Blank,Blank,Blank,Blank,Blank,Blank,Blank,Blank,Blank,Blank,Blank,Blank,Respin,Respin,Respin,Respin,Respin,Respin,Respin" />
</ReelSet>	
<ReelSet name="ShurikenReelset4">	
	<Reel defaultPosition="1" symbols="Blank,Blank,Blank,Blank,Blank,Blank,Blank,Blank,Blank,Blank,Blank,Blank,Blank,Blank,Blank,Blank,Blank,Blank,Blank,Blank,Blank,Blank,Blank,Blank,Blank,Blank,Blank,Blank,Blank,Blank,Blank,Blank,Blank,Blank,Blank,Blank,Blank,Respin,Respin,Respin" />
</ReelSet>	
<ReelSet name="ShurikenReelset5">	
	<Reel defaultPosition="1" symbols="Blank,Blank,Blank,Blank,Blank,Blank,Blank,Blank,Blank,Blank,Blank,Blank,Blank,Blank,Blank,Blank,Blank,Blank,Blank,Blank,Blank,Blank,Blank,Blank,Blank,Blank,Blank,Blank,Blank,Blank,Blank,Blank,Blank,Blank,Blank,Blank,Blank,Blank,Blank,Blank,Blank,Blank,Blank,Blank,Blank,Blank,Blank,Blank,Blank,Respin" />
</ReelSet>	
<ReelSet name="ShurikenReelset6">	
	<Reel defaultPosition="1" symbols="Blank,Blank,Blank,Blank,Blank,Blank,Blank,Blank,Blank,Blank,Blank,Blank,Blank,Blank,Blank,Blank,Blank,Blank,Blank,Blank,Blank,Blank,Blank,Blank,Blank,Blank,Blank,Blank,Blank,Blank,Blank,Blank,Blank,Blank,Blank,Blank,Blank,Blank,Blank,Blank,Blank,Blank,Blank,Blank,Blank,Blank,Blank,Blank,Blank,Respin" />
</ReelSet>	
<ReelSet name="ShurikenReelset7">	
	<Reel defaultPosition="1" symbols="Blank,Blank,Blank,Blank,Blank,Blank,Blank,Blank,Blank,Blank,Blank,Blank,Blank,Blank,Blank,Blank,Blank,Blank,Blank,Blank,Blank,Blank,Blank,Blank,Blank,Blank,Blank,Blank,Blank,Blank,Blank,Blank,Blank,Blank,Blank,Blank,Blank,Blank,Blank,Blank,Blank,Blank,Blank,Blank,Blank,Blank,Blank,Blank,Blank,Respin" />
</ReelSet>	
<ReelSet name="ShurikenReelset8">	
	<Reel defaultPosition="1" symbols="Blank,Blank,Blank,Blank,Blank,Blank,Blank,Blank,Blank,Blank,Blank,Blank,Blank,Blank,Blank,Blank,Blank,Blank,Blank,Blank,Blank,Blank,Blank,Blank,Blank,Blank,Blank,Blank,Blank,Blank,Blank,Blank,Blank,Blank,Blank,Blank,Blank,Blank,Blank,Blank,Blank,Blank,Blank,Blank,Blank,Blank,Blank,Blank,Blank,Respin" />
</ReelSet>	
<ReelSet name="ShurikenReelset9">	
	<Reel defaultPosition="1" symbols="Blank,Blank,Blank,Blank,Blank,Blank,Blank,Blank,Blank,Blank,Blank,Blank,Blank,Blank,Blank,Blank,Blank,Blank,Blank,Blank,Blank,Blank,Blank,Blank,Blank,Blank,Blank,Blank,Blank,Blank,Blank,Blank,Blank,Blank,Blank,Blank,Blank,Blank,Blank,Blank,Blank,Blank,Blank,Blank,Blank,Blank,Blank,Blank,Blank,Respin" />
</ReelSet>		
	</ReelSets>
	<CosmeticReelSets>		
	</CosmeticReelSets>
	<WeightedBags>
		<!-- BaseGame -->
		<WeightedBag name="BaseGameReelSetBag">
			<WeightedResult value="0" weight="48" name="BaseGameReelset1"/>
			<WeightedResult value="1" weight="50" name="BaseGameReelset2"/>
			<WeightedResult value="2" weight="2" name="BaseGameReelset3"/>
		</WeightedBag>
		<WeightedBag name="BaseGameReelSetBagRespin">
			<WeightedResult value="0" weight="490" name="BaseGameReelset4"/>
			<WeightedResult value="1" weight="467" name="BaseGameReelset5"/>
			<WeightedResult value="2" weight="43" name="BaseGameReelset6"/>
		</WeightedBag>
		<!-- BaseGame FeatureTrail-->
<WeightedBag name="BaseTrailGreen0">	
	<WeightedResult value ="0" weight="0" name="Gold" />
	<WeightedResult value ="1" weight="1000" name="Green" />
</WeightedBag>	
<WeightedBag name="BaseTrailGreen1">	
	<WeightedResult value ="0" weight="0" name="Gold" />
	<WeightedResult value ="1" weight="1000" name="Green" />
</WeightedBag>	
<WeightedBag name="BaseTrailGreen2">	
	<WeightedResult value ="0" weight="0" name="Gold" />
	<WeightedResult value ="1" weight="1000" name="Green" />
</WeightedBag>	
<WeightedBag name="BaseTrailGreen3">	
	<WeightedResult value ="0" weight="0" name="Gold" />
	<WeightedResult value ="1" weight="1000" name="Green" />
</WeightedBag>	
<WeightedBag name="BaseTrailGreen4">	
	<WeightedResult value ="0" weight="0" name="Gold" />
	<WeightedResult value ="1" weight="1000" name="Green" />
</WeightedBag>	
<WeightedBag name="BaseTrailGreen5">	
	<WeightedResult value ="0" weight="0" name="Gold" />
	<WeightedResult value ="1" weight="1000" name="Green" />
</WeightedBag>	
<WeightedBag name="BaseTrailGreen6">	
	<WeightedResult value ="0" weight="1000" name="Gold" />
	<WeightedResult value ="1" weight="0" name="Green" />
</WeightedBag>	
<WeightedBag name="BaseTrailGreen7">	
	<WeightedResult value ="0" weight="1000" name="Gold" />
	<WeightedResult value ="1" weight="0" name="Green" />
</WeightedBag>								
		<!-- FreeSpinsA -->
		<WeightedBag name="FreeSpinsAReelSetBag">
			<WeightedResult value="0" weight="49" name="FreeSpinsAReelset1"/>
			<WeightedResult value="1" weight="49" name="FreeSpinsAReelset2"/>
			<WeightedResult value="2" weight="2" name="FreeSpinsAReelset3"/>
		</WeightedBag>
		<WeightedBag name="FreeSpinsAReelSetBagRespin">
			<WeightedResult value="0" weight="49" name="FreeSpinsAReelset4"/>
			<WeightedResult value="1" weight="49" name="FreeSpinsAReelset5"/>
			<WeightedResult value="2" weight="2" name="FreeSpinsAReelset6"/>
		</WeightedBag>
		<!-- FreeSpinsA FeatureTrail-->
		<WeightedBag name="FSATrailInitial">			
			<WeightedResult value ="0" weight="240" name="Gold" />		
			<WeightedResult value ="1" weight="760" name="Green" />		
		</WeightedBag>			
		<WeightedBag name="FSATrailGreen0">					
			<WeightedResult value ="0" weight="1" name="Gold" />				
			<WeightedResult value ="1" weight="999" name="Green" />				
		</WeightedBag>					
		<WeightedBag name="FSATrailGreen1">					
			<WeightedResult value ="0" weight="1" name="Gold" />				
			<WeightedResult value ="1" weight="999" name="Green" />				
		</WeightedBag>					
		<WeightedBag name="FSATrailGreen2">					
			<WeightedResult value ="0" weight="1" name="Gold" />				
			<WeightedResult value ="1" weight="999" name="Green" />				
		</WeightedBag>					
		<WeightedBag name="FSATrailGreen3">					
			<WeightedResult value ="0" weight="9" name="Gold" />				
			<WeightedResult value ="1" weight="991" name="Green" />				
		</WeightedBag>					
		<WeightedBag name="FSATrailGreen4">					
			<WeightedResult value ="0" weight="25" name="Gold" />				
			<WeightedResult value ="1" weight="975" name="Green" />				
		</WeightedBag>					
		<WeightedBag name="FSATrailGreen5">					
			<WeightedResult value ="0" weight="185" name="Gold" />				
			<WeightedResult value ="1" weight="815" name="Green" />				
		</WeightedBag>					
		<WeightedBag name="FSATrailGreen6">					
			<WeightedResult value ="0" weight="1000" name="Gold" />				
			<WeightedResult value ="1" weight="0" name="Green" />				
		</WeightedBag>					
		<WeightedBag name="FSATrailGreen7">					
			<WeightedResult value ="0" weight="1000" name="Gold" />				
			<WeightedResult value ="1" weight="0" name="Green" />				
		</WeightedBag>					

						
		<!-- FreeSpinsB -->
		<WeightedBag name="FreeSpinsBReelSetBag">
			<WeightedResult value="0" weight="49" name="FreeSpinsBReelset1"/>
			<WeightedResult value="1" weight="49" name="FreeSpinsBReelset2"/>
			<WeightedResult value="2" weight="2" name="FreeSpinsBReelset3"/>
		</WeightedBag>
		<WeightedBag name="FreeSpinsBReelSetBagRespin">
			<WeightedResult value="0" weight="49" name="FreeSpinsBReelset4"/>
			<WeightedResult value="1" weight="49" name="FreeSpinsBReelset5"/>
			<WeightedResult value="2" weight="2" name="FreeSpinsBReelset6"/>
		</WeightedBag>
		<!-- FreeSpinsA FeatureTrail-->
		<WeightedBag name="FSBTrailInitial">					
			<WeightedResult value ="0" weight="520" name="Gold" />				
			<WeightedResult value ="1" weight="480" name="Green" />				
		</WeightedBag>					
		<WeightedBag name="FSBTrailGreen0">					
			<WeightedResult value ="0" weight="1" name="Gold" />				
			<WeightedResult value ="1" weight="999" name="Green" />				
		</WeightedBag>					
		<WeightedBag name="FSBTrailGreen1">					
			<WeightedResult value ="0" weight="1" name="Gold" />				
			<WeightedResult value ="1" weight="999" name="Green" />				
		</WeightedBag>					
		<WeightedBag name="FSBTrailGreen2">					
			<WeightedResult value ="0" weight="1" name="Gold" />				
			<WeightedResult value ="1" weight="999" name="Green" />				
		</WeightedBag>					
		<WeightedBag name="FSBTrailGreen3">					
			<WeightedResult value ="0" weight="1000" name="Gold" />				
			<WeightedResult value ="1" weight="0" name="Green" />				
		</WeightedBag>					
		<WeightedBag name="FSBTrailGreen4">					
			<WeightedResult value ="0" weight="1000" name="Gold" />				
			<WeightedResult value ="1" weight="0" name="Green" />				
		</WeightedBag>					


		<!-- FreeSpinsC -->
		<WeightedBag name="FreeSpinsCReelSetBag">
			<WeightedResult value="0" weight="49" name="FreeSpinsCReelset1"/>
			<WeightedResult value="1" weight="49" name="FreeSpinsCReelset2"/>
			<WeightedResult value="2" weight="2" name="FreeSpinsCReelset3"/>
		</WeightedBag>
	</WeightedBags>
	<WinningCombinations>
		<!-- High1 -->
		<WinCombination clientTag="0" name="5 x High1" numSymbolsRequired="5" symbols="High1" payouts="375" direction="LeftToRight" nativeSymbolsNeeded="AtLeastOne"/>
		<WinCombination clientTag="1" name="4 x High1" numSymbolsRequired="4" symbols="High1" payouts="160" direction="LeftToRight" nativeSymbolsNeeded="AtLeastOne"/>
		<WinCombination clientTag="2" name="3 x High1" numSymbolsRequired="3" symbols="High1" payouts="25" direction="LeftToRight" nativeSymbolsNeeded="AtLeastOne"/>
		<!-- High2 -->
		<WinCombination clientTag="3" name="5 x High2" numSymbolsRequired="5" symbols="High2" payouts="200" direction="LeftToRight" nativeSymbolsNeeded="AtLeastOne"/>
		<WinCombination clientTag="4" name="4 x High2" numSymbolsRequired="4" symbols="High2" payouts="60" direction="LeftToRight" nativeSymbolsNeeded="AtLeastOne"/>
		<WinCombination clientTag="5" name="3 x High2" numSymbolsRequired="3" symbols="High2" payouts="20" direction="LeftToRight" nativeSymbolsNeeded="AtLeastOne"/>
		<!-- High3 -->
		<WinCombination clientTag="6" name="5 x High3" numSymbolsRequired="5" symbols="High3" payouts="75" direction="LeftToRight" nativeSymbolsNeeded="AtLeastOne"/>
		<WinCombination clientTag="7" name="4 x High3" numSymbolsRequired="4" symbols="High3" payouts="40" direction="LeftToRight" nativeSymbolsNeeded="AtLeastOne"/>
		<WinCombination clientTag="8" name="3 x High3" numSymbolsRequired="3" symbols="High3" payouts="12" direction="LeftToRight" nativeSymbolsNeeded="AtLeastOne"/>
		<!-- Low1 -->
		<WinCombination clientTag="9" name="5 x Low1" numSymbolsRequired="5" symbols="Low1" payouts="30" direction="LeftToRight" nativeSymbolsNeeded="AtLeastOne"/>
		<WinCombination clientTag="10" name="4 x Low1" numSymbolsRequired="4" symbols="Low1" payouts="10" direction="LeftToRight" nativeSymbolsNeeded="AtLeastOne"/>
		<WinCombination clientTag="11" name="3 x Low1" numSymbolsRequired="3" symbols="Low1" payouts="5" direction="LeftToRight" nativeSymbolsNeeded="AtLeastOne"/>
		<!-- Low2 -->
		<WinCombination clientTag="12" name="5 x Low2" numSymbolsRequired="5" symbols="Low2" payouts="25" direction="LeftToRight" nativeSymbolsNeeded="AtLeastOne"/>
		<WinCombination clientTag="13" name="4 x Low2" numSymbolsRequired="4" symbols="Low2" payouts="8" direction="LeftToRight" nativeSymbolsNeeded="AtLeastOne"/>
		<WinCombination clientTag="14" name="3 x Low2" numSymbolsRequired="3" symbols="Low2" payouts="4" direction="LeftToRight" nativeSymbolsNeeded="AtLeastOne"/>
		<!-- Low3 -->
		<WinCombination clientTag="15" name="5 x Low3" numSymbolsRequired="5" symbols="Low3" payouts="20" direction="LeftToRight" nativeSymbolsNeeded="AtLeastOne"/>
		<WinCombination clientTag="16" name="4 x Low3" numSymbolsRequired="4" symbols="Low3" payouts="6" direction="LeftToRight" nativeSymbolsNeeded="AtLeastOne"/>
		<WinCombination clientTag="17" name="3 x Low3" numSymbolsRequired="3" symbols="Low3" payouts="3" direction="LeftToRight" nativeSymbolsNeeded="AtLeastOne"/>
		<!-- Low4 -->
		<WinCombination clientTag="18" name="5 x Low4" numSymbolsRequired="5" symbols="Low4" payouts="20" direction="LeftToRight" nativeSymbolsNeeded="AtLeastOne"/>
		<WinCombination clientTag="19" name="4 x Low4" numSymbolsRequired="4" symbols="Low4" payouts="6" direction="LeftToRight" nativeSymbolsNeeded="AtLeastOne"/>
		<WinCombination clientTag="20" name="3 x Low4" numSymbolsRequired="3" symbols="Low4" payouts="3" direction="LeftToRight" nativeSymbolsNeeded="AtLeastOne"/>
		<!-- High4 (AnyHigh) -->
		<WinCombination clientTag="21" name="5 x AnyHigh" numSymbolsRequired="5" symbols="AnyHigh" payouts="30" direction="LeftToRight" nativeSymbolsNeeded="AtLeastOne"/>
		<WinCombination clientTag="22" name="4 x AnyHigh" numSymbolsRequired="4" symbols="AnyHigh" payouts="10" direction="LeftToRight" nativeSymbolsNeeded="AtLeastOne"/>
		<WinCombination clientTag="23" name="3 x AnyHigh" numSymbolsRequired="3" symbols="AnyHigh" payouts="5" direction="LeftToRight" nativeSymbolsNeeded="AtLeastOne"/>
		<!-- Wild -->
		<WinCombination clientTag="24" name="5 x Wild" numSymbolsRequired="5" symbols="Wild" payouts="1250" direction="LeftToRight" nativeSymbolsNeeded="All"/>
		<WinCombination clientTag="25" name="4 x Wild" numSymbolsRequired="4" symbols="Wild" payouts="250" direction="LeftToRight" nativeSymbolsNeeded="All"/>
		<WinCombination clientTag="26" name="3 x Wild" numSymbolsRequired="3" symbols="Wild" payouts="60" direction="LeftToRight" nativeSymbolsNeeded="All"/>
		<!-- Bonus -->
		<WinCombination clientTag="27" name="3 x Bonus" numSymbolsRequired="3" symbols="Bonus" payouts="1" direction="LeftToRight" nativeSymbolsNeeded="AtLeastOne"/>
		<WinCombination clientTag="28" name="4 x Bonus" numSymbolsRequired="4" symbols="Bonus" payouts="3" direction="LeftToRight" nativeSymbolsNeeded="AtLeastOne"/>
		<WinCombination clientTag="29" name="5 x Bonus" numSymbolsRequired="5" symbols="Bonus" payouts="5" direction="LeftToRight" nativeSymbolsNeeded="AtLeastOne"/>
		<WinCombination clientTag="30" name="6 x Bonus" numSymbolsRequired="6" symbols="Bonus" payouts="10" direction="LeftToRight" nativeSymbolsNeeded="AtLeastOne"/>
		<WinCombination clientTag="31" name="7 x Bonus" numSymbolsRequired="7" symbols="Bonus" payouts="15" direction="LeftToRight" nativeSymbolsNeeded="AtLeastOne"/>
		<WinCombination clientTag="32" name="8 x Bonus" numSymbolsRequired="8" symbols="Bonus" payouts="30" direction="LeftToRight" nativeSymbolsNeeded="AtLeastOne"/>
		<WinCombination clientTag="33" name="9 x Bonus" numSymbolsRequired="9" symbols="Bonus" payouts="100" direction="LeftToRight" nativeSymbolsNeeded="AtLeastOne"/>
		<WinCombination clientTag="34" name="10 x Bonus" numSymbolsRequired="10" symbols="Bonus" payouts="250" direction="LeftToRight" nativeSymbolsNeeded="AtLeastOne"/>
		<WinCombination clientTag="35" name="11 x Bonus" numSymbolsRequired="11" symbols="Bonus" payouts="1000" direction="LeftToRight" nativeSymbolsNeeded="AtLeastOne"/>
		<WinCombination clientTag="36" name="12 x Bonus" numSymbolsRequired="12" symbols="Bonus" payouts="2500" direction="LeftToRight" nativeSymbolsNeeded="AtLeastOne"/>
		<!-- Scatter -->
		<WinCombination clientTag="37" name="3 x Scatter" numSymbolsRequired="1" symbols="Scatter" payouts="1" direction="LeftToRight" nativeSymbolsNeeded="All"/>
	</WinningCombinations>
	<Achievements> 
	</Achievements>
</SDK>